{'sol': <scipy.interpolate._interpolate.PPoly object at 0x1177757c0>, 'p': None, 'x': array([0.00000000e+00, 3.00030003e-04, 6.00060006e-04, ...,
       2.99939994e+00, 2.99969997e+00, 3.00000000e+00]), 'y': array([[ 1.00000000e+00,  1.00060002e+00,  1.00119994e+00, ...,
        -7.64073504e-01, -7.64870272e-01, -7.65667077e-01],
       [ 2.00000000e+00,  1.99970411e+00,  1.99940733e+00, ...,
        -2.65556583e+00, -2.65568889e+00, -2.65581086e+00],
       [-5.43899383e-01, -5.46425991e-01, -5.48952353e-01, ...,
        -9.18892197e-04, -4.59446168e-04,  0.00000000e+00],
       [ 6.42159140e+00,  6.41957455e+00,  6.41755610e+00, ...,
        -3.18622574e-03, -1.59337914e-03, -3.84428645e-15]]), 'yp': array([[ 2.        ,  1.99970411,  1.99940733, ..., -2.65556583,
        -2.65568889, -2.65581086],
       [-0.98468663, -0.98769185, -0.99069736, ..., -0.34115882,
        -0.33717411, -0.3331851 ],
       [-8.4215914 , -8.42077458, -8.41995598, ...,  1.53133323,
         1.53133392,  1.53133415],
       [-6.71949692, -6.72482009, -6.73014915, ...,  5.30780989,
         5.30971303,  5.31162173]]), 'rms_residuals': array([6.94408801e-07, 6.93919369e-07, 6.93421489e-07, ...,
       5.75852471e-02, 5.80677302e-02, 5.85547411e-02]), 'niter': 1, 'status': 1, 'message': 'The maximum number of mesh nodes is exceeded.', 'success': False}
       message: The maximum number of mesh nodes is exceeded.
       success: False
        status: 1
             x: [ 0.000e+00  3.000e-04 ...  3.000e+00  3.000e+00]
           sol: <scipy.interpolate._interpolate.PPoly object at 0x11788ad60>
             p: None
             y: [[ 1.000e+00  1.001e+00 ... -2.445e-01 -2.452e-01]
                 [ 2.000e+00  2.000e+00 ... -2.382e+00 -2.383e+00]
                 [ 8.136e-01  8.127e-01 ... -1.471e-04  0.000e+00]
                 [ 1.089e+00  1.089e+00 ... -1.430e-03 -2.464e-16]]
            yp: [[ 2.000e+00  2.000e+00 ... -2.382e+00 -2.383e+00]
                 [-1.309e+00 -1.312e+00 ... -1.996e+00 -1.995e+00]
                 [-3.089e+00 -3.091e+00 ...  4.903e-01  4.903e-01]
                 [ 6.802e-02  6.678e-02 ...  4.766e+00  4.767e+00]]
 rms_residuals: [ 1.212e-05  1.211e-05 ...  3.964e-01  3.966e-01]
         niter: 1
       message: The maximum number of mesh nodes is exceeded.
       success: False
        status: 1
             x: [ 0.000e+00  3.000e-04 ...  3.000e+00  3.000e+00]
           sol: <scipy.interpolate._interpolate.PPoly object at 0x1174886d0>
             p: None
             y: [[ 1.000e+00  1.001e+00 ...  8.113e-02  8.055e-02]
                 [ 2.000e+00  2.000e+00 ... -1.949e+00 -1.950e+00]
                 [ 2.220e+00  2.220e+00 ...  4.833e-05  0.000e+00]
                 [-4.061e+00 -4.059e+00 ... -1.170e-03  3.332e-15]]
            yp: [[ 2.000e+00  2.000e+00 ... -1.949e+00 -1.950e+00]
                 [-1.302e+00 -1.304e+00 ... -2.017e+00 -2.018e+00]
                 [ 2.061e+00  2.058e+00 ... -1.611e-01 -1.611e-01]
                 [ 7.098e+00  7.101e+00 ...  3.899e+00  3.900e+00]]
 rms_residuals: [ 9.598e-06  9.596e-06 ...  4.645e-01  4.648e-01]
         niter: 1
       message: The maximum number of mesh nodes is exceeded.
       success: False
        status: 1
             x: [ 0.000e+00  3.000e-04 ...  3.000e+00  3.000e+00]
           sol: <scipy.interpolate._interpolate.PPoly object at 0x11788e310>
             p: None
             y: [[ 1.000e+00  1.001e+00 ... -2.581e-02 -2.630e-02]
                 [ 1.938e+00  1.937e+00 ... -1.572e+00 -1.573e+00]
                 [ 1.651e+00  1.651e+00 ...  6.245e-02  6.250e-02]
                 [-2.718e+00 -2.717e+00 ...  6.174e-02  6.250e-02]]
            yp: [[ 1.938e+00  1.937e+00 ... -1.572e+00 -1.573e+00]
                 [-1.038e+00 -1.041e+00 ... -1.545e+00 -1.545e+00]
                 [ 7.178e-01  7.155e-01 ... -1.013e-02 -9.907e-03]
                 [ 4.173e+00  4.174e+00 ...  3.150e+00  3.151e+00]]
 rms_residuals: [ 1.304e-01  1.305e-01 ...  2.925e-01  2.926e-01]
         niter: 1
       message: The maximum number of mesh nodes is exceeded.
       success: False
        status: 1
             x: [ 0.000e+00  3.000e-04 ...  3.000e+00  3.000e+00]
           sol: <scipy.interpolate._interpolate.PPoly object at 0x11788e360>
             p: None
             y: [[ 1.000e+00  1.001e+00 ...  2.187e-01  2.182e-01]
                 [ 2.000e+00  2.000e+00 ... -1.703e+00 -1.703e+00]
                 [ 2.488e+00  2.489e+00 ...  1.309e-04  0.000e+00]
                 [-5.713e+00 -5.711e+00 ... -9.929e-04  5.551e-17]]
            yp: [[ 2.000e+00  2.000e+00 ... -1.703e+00 -1.703e+00]
                 [-8.946e-01 -8.977e-01 ... -1.843e+00 -1.840e+00]
                 [ 3.713e+00  3.709e+00 ... -4.364e-01 -4.363e-01]
                 [ 8.440e+00  8.444e+00 ...  3.406e+00  3.406e+00]]
 rms_residuals: [ 3.354e-02  3.354e-02 ...  5.732e-02  5.720e-02]
         niter: 1
       message: The maximum number of mesh nodes is exceeded.
       success: False
        status: 1
             x: [ 0.000e+00  3.000e-04 ...  3.000e+00  3.000e+00]
           sol: <scipy.interpolate._interpolate.PPoly object at 0x11788e400>
             p: None
             y: [[ 1.000e+00  1.001e+00 ...  2.995e-01  2.990e-01]
                 [ 2.000e+00  2.000e+00 ... -1.626e+00 -1.626e+00]
                 [ 2.727e+00  2.728e+00 ...  1.794e-04  0.000e+00]
                 [-7.045e+00 -7.042e+00 ... -9.438e-04 -1.721e-15]]
            yp: [[ 2.000e+00  2.000e+00 ... -1.626e+00 -1.626e+00]
                 [-6.301e-01 -6.333e-01 ... -1.782e+00 -1.780e+00]
                 [ 5.045e+00  5.041e+00 ... -5.981e-01 -5.981e-01]
                 [ 9.634e+00  9.639e+00 ...  3.252e+00  3.252e+00]]
 rms_residuals: [ 3.333e-02  3.333e-02 ...  7.211e-02  7.201e-02]
         niter: 1
       message: The maximum number of mesh nodes is exceeded.
       success: False
        status: 1
             x: [ 0.000e+00  3.000e-04 ...  3.000e+00  3.000e+00]
           sol: <scipy.interpolate._interpolate.PPoly object at 0x11788e4a0>
             p: None
             y: [[ 1.000e+00  1.001e+00 ...  3.526e-01  3.521e-01]
                 [ 2.000e+00  2.000e+00 ... -1.584e+00 -1.585e+00]
                 [ 2.866e+00  2.867e+00 ...  2.113e-04  0.000e+00]
                 [-8.080e+00 -8.077e+00 ... -9.166e-04 -2.942e-15]]
            yp: [[ 2.000e+00  2.000e+00 ... -1.584e+00 -1.585e+00]
                 [-3.518e-01 -3.551e-01 ... -1.742e+00 -1.740e+00]
                 [ 6.080e+00  6.075e+00 ... -7.043e-01 -7.043e-01]
                 [ 1.033e+01  1.033e+01 ...  3.169e+00  3.169e+00]]
 rms_residuals: [ 3.321e-02  3.320e-02 ...  8.405e-02  8.398e-02]
         niter: 1
       message: The maximum number of mesh nodes is exceeded.
       success: False
        status: 1
             x: [ 0.000e+00  3.000e-04 ...  3.000e+00  3.000e+00]
           sol: <scipy.interpolate._interpolate.PPoly object at 0x11788e540>
             p: None
             y: [[ 1.000e+00  1.001e+00 ...  3.900e-01  3.895e-01]
                 [ 2.000e+00  2.000e+00 ... -1.561e+00 -1.562e+00]
                 [ 2.948e+00  2.950e+00 ...  2.337e-04  0.000e+00]
                 [-8.943e+00 -8.940e+00 ... -9.009e-04  2.276e-15]]
            yp: [[ 2.000e+00  2.000e+00 ... -1.561e+00 -1.562e+00]
                 [-7.745e-02 -8.084e-02 ... -1.715e+00 -1.714e+00]
                 [ 6.943e+00  6.939e+00 ... -7.791e-01 -7.791e-01]
                 [ 1.074e+01  1.074e+01 ...  3.123e+00  3.124e+00]]
 rms_residuals: [ 3.309e-02  3.309e-02 ...  9.412e-02  9.408e-02]
         niter: 1
       message: The maximum number of mesh nodes is exceeded.
       success: False
        status: 1
             x: [ 0.000e+00  3.000e-04 ...  3.000e+00  3.000e+00]
           sol: <scipy.interpolate._interpolate.PPoly object at 0x11788e5e0>
             p: None
             y: [[ 1.000e+00  1.001e+00 ...  4.620e-01  4.616e-01]
                 [ 2.000e+00  2.000e+00 ... -1.404e+00 -1.404e+00]
                 [ 3.202e+00  3.205e+00 ...  2.770e-04  0.000e+00]
                 [-1.060e+01 -1.060e+01 ... -8.425e-04 -8.401e-18]]
            yp: [[ 2.000e+00  2.000e+00 ... -1.404e+00 -1.404e+00]
                 [ 1.852e-01  1.817e-01 ... -1.567e+00 -1.567e+00]
                 [ 8.599e+00  8.594e+00 ... -9.232e-01 -9.232e-01]
                 [ 1.201e+01  1.202e+01 ...  2.808e+00  2.808e+00]]
 rms_residuals: [ 1.140e-04  1.144e-04 ...  1.625e-03  1.586e-03]
         niter: 1
       message: The maximum number of mesh nodes is exceeded.
       success: False
        status: 1
             x: [ 0.000e+00  3.000e-04 ...  3.000e+00  3.000e+00]
           sol: <scipy.interpolate._interpolate.PPoly object at 0x11788e680>
             p: None
             y: [[ 1.000e+00  1.001e+00 ...  4.715e-01  4.711e-01]
                 [ 2.000e+00  2.000e+00 ... -1.418e+00 -1.418e+00]
                 [ 3.190e+00  3.193e+00 ...  2.827e-04  0.000e+00]
                 [-1.114e+01 -1.114e+01 ... -8.508e-04  7.976e-20]]
            yp: [[ 2.000e+00  2.000e+00 ... -1.418e+00 -1.418e+00]
                 [ 4.781e-01  4.746e-01 ... -1.575e+00 -1.574e+00]
                 [ 9.144e+00  9.139e+00 ... -9.422e-01 -9.422e-01]
                 [ 1.195e+01  1.196e+01 ...  2.836e+00  2.836e+00]]
 rms_residuals: [ 1.084e-04  1.087e-04 ...  1.586e-03  1.555e-03]
         niter: 1
       message: The maximum number of mesh nodes is exceeded.
       success: False
        status: 1
             x: [ 0.000e+00  3.000e-04 ...  3.000e+00  3.000e+00]
           sol: <scipy.interpolate._interpolate.PPoly object at 0x11788e720>
             p: None
             y: [[ 1.000e+00  1.001e+00 ...  4.826e-01  4.821e-01]
                 [ 2.000e+00  2.000e+00 ... -1.426e+00 -1.427e+00]
                 [ 3.167e+00  3.170e+00 ...  2.893e-04  0.000e+00]
                 [-1.161e+01 -1.160e+01 ... -8.560e-04  3.017e-17]]
            yp: [[ 2.000e+00  2.000e+00 ... -1.426e+00 -1.427e+00]
                 [ 7.397e-01  7.361e-01 ... -1.577e+00 -1.577e+00]
                 [ 9.605e+00  9.600e+00 ... -9.643e-01 -9.643e-01]
                 [ 1.184e+01  1.184e+01 ...  2.853e+00  2.853e+00]]
 rms_residuals: [ 1.035e-04  1.037e-04 ...  5.306e-03  5.279e-03]
         niter: 1
       message: The maximum number of mesh nodes is exceeded.
       success: False
        status: 1
             x: [ 0.000e+00  3.000e-04 ...  3.000e+00  3.000e+00]
           sol: <scipy.interpolate._interpolate.PPoly object at 0x11788e7c0>
             p: None
             y: [[ 1.000e+00  1.001e+00 ...  4.945e-01  4.940e-01]
                 [ 2.000e+00  2.000e+00 ... -1.429e+00 -1.430e+00]
                 [ 3.157e+00  3.160e+00 ...  2.965e-04 -3.810e-21]
                 [-1.211e+01 -1.211e+01 ... -8.580e-04 -3.045e-17]]
            yp: [[ 2.000e+00  2.000e+00 ... -1.429e+00 -1.430e+00]
                 [ 9.720e-01  9.683e-01 ... -1.575e+00 -1.575e+00]
                 [ 1.011e+01  1.011e+01 ... -9.881e-01 -9.881e-01]
                 [ 1.179e+01  1.180e+01 ...  2.860e+00  2.860e+00]]
 rms_residuals: [ 9.903e-05  9.928e-05 ...  4.803e-04  4.606e-04]
         niter: 1
       message: The maximum number of mesh nodes is exceeded.
       success: False
        status: 1
             x: [ 0.000e+00  3.000e-04 ...  3.000e+00  3.000e+00]
           sol: <scipy.interpolate._interpolate.PPoly object at 0x11788e860>
             p: None
             y: [[ 1.000e+00  1.001e+00 ...  5.064e-01  5.059e-01]
                 [ 2.000e+00  2.000e+00 ... -1.431e+00 -1.432e+00]
                 [ 3.140e+00  3.143e+00 ...  3.036e-04  2.664e-21]
                 [-1.256e+01 -1.256e+01 ... -8.591e-04 -7.223e-17]]
            yp: [[ 2.000e+00  2.000e+00 ... -1.431e+00 -1.432e+00]
                 [ 1.183e+00  1.180e+00 ... -1.571e+00 -1.571e+00]
                 [ 1.056e+01  1.056e+01 ... -1.012e+00 -1.012e+00]
                 [ 1.170e+01  1.171e+01 ...  2.863e+00  2.864e+00]]
 rms_residuals: [ 9.496e-05  9.519e-05 ...  4.440e-04  4.278e-04]
         niter: 1
       message: The maximum number of mesh nodes is exceeded.
       success: False
        status: 1
             x: [ 0.000e+00  3.000e-04 ...  3.000e+00  3.000e+00]
           sol: <scipy.interpolate._interpolate.PPoly object at 0x11788e900>
             p: None
             y: [[ 1.000e+00  1.001e+00 ...  5.187e-01  5.183e-01]
                 [ 2.000e+00  2.000e+00 ... -1.432e+00 -1.432e+00]
                 [ 3.114e+00  3.117e+00 ...  3.110e-04  0.000e+00]
                 [-1.292e+01 -1.291e+01 ... -8.595e-04  3.822e-17]]
            yp: [[ 2.000e+00  2.000e+00 ... -1.432e+00 -1.432e+00]
                 [ 1.375e+00  1.371e+00 ... -1.566e+00 -1.566e+00]
                 [ 1.092e+01  1.091e+01 ... -1.037e+00 -1.037e+00]
                 [ 1.157e+01  1.158e+01 ...  2.864e+00  2.865e+00]]
 rms_residuals: [ 9.121e-05  9.142e-05 ...  8.845e-03  8.833e-03]
         niter: 1
       message: The maximum number of mesh nodes is exceeded.
       success: False
        status: 1
             x: [ 0.000e+00  3.000e-04 ...  3.000e+00  3.000e+00]
           sol: <scipy.interpolate._interpolate.PPoly object at 0x11788e9a0>
             p: None
             y: [[ 1.000e+00  1.001e+00 ...  5.312e-01  5.308e-01]
                 [ 2.000e+00  2.000e+00 ... -1.430e+00 -1.430e+00]
                 [ 3.100e+00  3.104e+00 ...  3.185e-04  0.000e+00]
                 [-1.334e+01 -1.333e+01 ... -8.580e-04 -1.013e-18]]
            yp: [[ 2.000e+00  2.000e+00 ... -1.430e+00 -1.430e+00]
                 [ 1.546e+00  1.542e+00 ... -1.557e+00 -1.558e+00]
                 [ 1.134e+01  1.133e+01 ... -1.062e+00 -1.062e+00]
                 [ 1.150e+01  1.151e+01 ...  2.860e+00  2.860e+00]]
 rms_residuals: [ 8.777e-05  8.797e-05 ...  8.775e-03  8.768e-03]
         niter: 1
       message: The maximum number of mesh nodes is exceeded.
       success: False
        status: 1
             x: [ 0.000e+00  3.000e-04 ...  3.000e+00  3.000e+00]
           sol: <scipy.interpolate._interpolate.PPoly object at 0x11788ea40>
             p: None
             y: [[ 1.000e+00  1.001e+00 ...  5.430e-01  5.426e-01]
                 [ 2.000e+00  2.001e+00 ... -1.427e+00 -1.427e+00]
                 [ 3.085e+00  3.089e+00 ...  3.256e-04  0.000e+00]
                 [-1.373e+01 -1.373e+01 ... -8.564e-04  1.198e-18]]
            yp: [[ 2.000e+00  2.001e+00 ... -1.427e+00 -1.427e+00]
                 [ 1.703e+00  1.700e+00 ... -1.549e+00 -1.550e+00]
                 [ 1.173e+01  1.173e+01 ... -1.085e+00 -1.085e+00]
                 [ 1.143e+01  1.144e+01 ...  2.854e+00  2.854e+00]]
 rms_residuals: [ 8.457e-05  8.475e-05 ...  8.591e-03  8.588e-03]
         niter: 1
       message: The maximum number of mesh nodes is exceeded.
       success: False
        status: 1
             x: [ 0.000e+00  3.000e-04 ...  3.000e+00  3.000e+00]
           sol: <scipy.interpolate._interpolate.PPoly object at 0x11788eae0>
             p: None
             y: [[ 1.000e+00  1.001e+00 ...  5.542e-01  5.537e-01]
                 [ 2.000e+00  2.001e+00 ... -1.424e+00 -1.424e+00]
                 [ 3.069e+00  3.073e+00 ...  3.323e-04  0.000e+00]
                 [-1.410e+01 -1.409e+01 ... -8.545e-04 -5.827e-18]]
            yp: [[ 2.000e+00  2.001e+00 ... -1.424e+00 -1.424e+00]
                 [ 1.849e+00  1.845e+00 ... -1.541e+00 -1.541e+00]
                 [ 1.210e+01  1.209e+01 ... -1.107e+00 -1.107e+00]
                 [ 1.135e+01  1.136e+01 ...  2.848e+00  2.848e+00]]
 rms_residuals: [ 8.158e-05  8.175e-05 ...  8.311e-03  8.312e-03]
         niter: 1
       message: The maximum number of mesh nodes is exceeded.
       success: False
        status: 1
             x: [ 0.000e+00  3.000e-04 ...  3.000e+00  3.000e+00]
           sol: <scipy.interpolate._interpolate.PPoly object at 0x11788eb80>
             p: None
             y: [[ 1.000e+00  1.001e+00 ...  5.341e-01  5.336e-01]
                 [ 2.000e+00  2.001e+00 ... -1.570e+00 -1.570e+00]
                 [ 2.926e+00  2.929e+00 ...  3.202e-04  0.000e+00]
                 [-1.428e+01 -1.427e+01 ... -8.941e-04  7.216e-16]]
            yp: [[ 2.000e+00  2.001e+00 ... -1.570e+00 -1.570e+00]
                 [ 1.984e+00  1.980e+00 ... -1.656e+00 -1.657e+00]
                 [ 1.228e+01  1.227e+01 ... -1.067e+00 -1.067e+00]
                 [ 1.063e+01  1.064e+01 ...  3.139e+00  3.140e+00]]
 rms_residuals: [ 3.060e-02  3.057e-02 ...  1.455e-01  1.455e-01]
         niter: 1
       message: The maximum number of mesh nodes is exceeded.
       success: False
        status: 1
             x: [ 0.000e+00  3.000e-04 ...  3.000e+00  3.000e+00]
           sol: <scipy.interpolate._interpolate.PPoly object at 0x11788ec70>
             p: None
             y: [[ 1.000e+00  1.001e+00 ...  5.475e-01  5.470e-01]
                 [ 2.000e+00  2.001e+00 ... -1.556e+00 -1.557e+00]
                 [ 2.904e+00  2.908e+00 ...  3.283e-04  0.000e+00]
                 [-1.464e+01 -1.464e+01 ... -8.866e-04  6.939e-16]]
            yp: [[ 2.000e+00  2.001e+00 ... -1.556e+00 -1.557e+00]
                 [ 2.101e+00  2.097e+00 ... -1.637e+00 -1.638e+00]
                 [ 1.264e+01  1.264e+01 ... -1.094e+00 -1.094e+00]
                 [ 1.052e+01  1.053e+01 ...  3.113e+00  3.114e+00]]
 rms_residuals: [ 3.024e-02  3.022e-02 ...  1.472e-01  1.473e-01]
         niter: 1
       message: The maximum number of mesh nodes is exceeded.
       success: False
        status: 1
             x: [ 0.000e+00  3.000e-04 ...  3.000e+00  3.000e+00]
           sol: <scipy.interpolate._interpolate.PPoly object at 0x11788ed10>
             p: None
             y: [[ 1.000e+00  1.001e+00 ...  5.598e-01  5.593e-01]
                 [ 2.000e+00  2.001e+00 ... -1.546e+00 -1.546e+00]
                 [ 2.881e+00  2.885e+00 ...  3.356e-04  0.000e+00]
                 [-1.499e+01 -1.498e+01 ... -8.805e-04 -2.248e-15]]
            yp: [[ 2.000e+00  2.001e+00 ... -1.546e+00 -1.546e+00]
                 [ 2.213e+00  2.209e+00 ... -1.621e+00 -1.622e+00]
                 [ 1.299e+01  1.298e+01 ... -1.119e+00 -1.119e+00]
                 [ 1.040e+01  1.042e+01 ...  3.091e+00  3.092e+00]]
 rms_residuals: [ 2.990e-02  2.987e-02 ...  1.487e-01  1.487e-01]
         niter: 1
       message: The maximum number of mesh nodes is exceeded.
       success: False
        status: 1
             x: [ 0.000e+00  3.000e-04 ...  3.000e+00  3.000e+00]
           sol: <scipy.interpolate._interpolate.PPoly object at 0x11788e270>
             p: None
             y: [[ 1.000e+00  1.001e+00 ...  5.712e-01  5.708e-01]
                 [ 2.000e+00  2.001e+00 ... -1.536e+00 -1.537e+00]
                 [ 2.857e+00  2.861e+00 ...  3.425e-04  0.000e+00]
                 [-1.531e+01 -1.531e+01 ... -8.754e-04  1.110e-16]]
            yp: [[ 2.000e+00  2.001e+00 ... -1.536e+00 -1.537e+00]
                 [ 2.320e+00  2.316e+00 ... -1.606e+00 -1.607e+00]
                 [ 1.331e+01  1.330e+01 ... -1.142e+00 -1.142e+00]
                 [ 1.029e+01  1.030e+01 ...  3.073e+00  3.074e+00]]
 rms_residuals: [ 2.956e-02  2.953e-02 ...  1.499e-01  1.499e-01]
         niter: 1
       message: The maximum number of mesh nodes is exceeded.
       success: False
        status: 1
             x: [ 0.000e+00  3.000e-04 ...  3.000e+00  3.000e+00]
           sol: <scipy.interpolate._interpolate.PPoly object at 0x11788eea0>
             p: None
             y: [[ 1.000e+00  1.001e+00 ...  5.819e-01  5.815e-01]
                 [ 2.000e+00  2.001e+00 ... -1.528e+00 -1.529e+00]
                 [ 2.834e+00  2.838e+00 ...  3.489e-04  0.000e+00]
                 [-1.561e+01 -1.561e+01 ... -8.711e-04  2.109e-15]]
            yp: [[ 2.000e+00  2.001e+00 ... -1.528e+00 -1.529e+00]
                 [ 2.421e+00  2.417e+00 ... -1.593e+00 -1.594e+00]
                 [ 1.361e+01  1.361e+01 ... -1.163e+00 -1.163e+00]
                 [ 1.017e+01  1.018e+01 ...  3.057e+00  3.058e+00]]
 rms_residuals: [ 2.924e-02  2.921e-02 ...  1.509e-01  1.509e-01]
         niter: 1
       message: The maximum number of mesh nodes is exceeded.
       success: False
        status: 1
             x: [ 0.000e+00  3.000e-04 ...  3.000e+00  3.000e+00]
           sol: <scipy.interpolate._interpolate.PPoly object at 0x11788ef40>
             p: None
             y: [[ 1.000e+00  1.001e+00 ...  5.921e-01  5.916e-01]
                 [ 2.000e+00  2.001e+00 ... -1.522e+00 -1.522e+00]
                 [ 2.810e+00  2.815e+00 ...  3.550e-04  0.000e+00]
                 [-1.590e+01 -1.589e+01 ... -8.674e-04 -1.249e-15]]
            yp: [[ 2.000e+00  2.001e+00 ... -1.522e+00 -1.522e+00]
                 [ 2.518e+00  2.514e+00 ... -1.580e+00 -1.581e+00]
                 [ 1.390e+01  1.389e+01 ... -1.183e+00 -1.183e+00]
                 [ 1.005e+01  1.006e+01 ...  3.043e+00  3.044e+00]]
 rms_residuals: [ 2.893e-02  2.890e-02 ...  1.517e-01  1.517e-01]
         niter: 1
       message: The maximum number of mesh nodes is exceeded.
       success: False
        status: 1
             x: [ 0.000e+00  3.000e-04 ...  3.000e+00  3.000e+00]
           sol: <scipy.interpolate._interpolate.PPoly object at 0x11788e2c0>
             p: None
             y: [[ 1.000e+00  1.001e+00 ...  6.017e-01  6.013e-01]
                 [ 2.000e+00  2.001e+00 ... -1.515e+00 -1.516e+00]
                 [ 2.787e+00  2.792e+00 ...  3.608e-04  0.000e+00]
                 [-1.617e+01 -1.616e+01 ... -8.641e-04 -1.665e-16]]
            yp: [[ 2.000e+00  2.001e+00 ... -1.515e+00 -1.516e+00]
                 [ 2.609e+00  2.605e+00 ... -1.568e+00 -1.569e+00]
                 [ 1.417e+01  1.416e+01 ... -1.203e+00 -1.203e+00]
                 [ 9.937e+00  9.948e+00 ...  3.031e+00  3.032e+00]]
 rms_residuals: [ 2.864e-02  2.860e-02 ...  1.523e-01  1.524e-01]
         niter: 1
       message: The maximum number of mesh nodes is exceeded.
       success: False
        status: 1
             x: [ 0.000e+00  3.000e-04 ...  3.000e+00  3.000e+00]
           sol: <scipy.interpolate._interpolate.PPoly object at 0x11789e090>
             p: None
             y: [[ 1.000e+00  1.001e+00 ...  6.110e-01  6.105e-01]
                 [ 2.000e+00  2.001e+00 ... -1.509e+00 -1.510e+00]
                 [ 2.765e+00  2.769e+00 ...  3.664e-04  0.000e+00]
                 [-1.642e+01 -1.642e+01 ... -8.611e-04 -5.551e-17]]
            yp: [[ 2.000e+00  2.001e+00 ... -1.509e+00 -1.510e+00]
                 [ 2.695e+00  2.692e+00 ... -1.557e+00 -1.558e+00]
                 [ 1.442e+01  1.441e+01 ... -1.221e+00 -1.221e+00]
                 [ 9.825e+00  9.836e+00 ...  3.019e+00  3.020e+00]]
 rms_residuals: [ 2.837e-02  2.833e-02 ...  1.528e-01  1.529e-01]
         niter: 1
       message: The maximum number of mesh nodes is exceeded.
       success: False
        status: 1
             x: [ 0.000e+00  3.000e-04 ...  3.000e+00  3.000e+00]
           sol: <scipy.interpolate._interpolate.PPoly object at 0x11789e180>
             p: None
             y: [[ 1.000e+00  1.001e+00 ...  6.198e-01  6.193e-01]
                 [ 2.000e+00  2.001e+00 ... -1.504e+00 -1.505e+00]
                 [ 2.743e+00  2.747e+00 ...  3.717e-04  0.000e+00]
                 [-1.666e+01 -1.665e+01 ... -8.584e-04  2.859e-15]]
            yp: [[ 2.000e+00  2.001e+00 ... -1.504e+00 -1.505e+00]
                 [ 2.777e+00  2.773e+00 ... -1.546e+00 -1.547e+00]
                 [ 1.466e+01  1.465e+01 ... -1.239e+00 -1.239e+00]
                 [ 9.715e+00  9.727e+00 ...  3.008e+00  3.009e+00]]
 rms_residuals: [ 2.811e-02  2.807e-02 ...  1.533e-01  1.533e-01]
         niter: 1
       message: The maximum number of mesh nodes is exceeded.
       success: False
        status: 1
             x: [ 0.000e+00  3.000e-04 ...  3.000e+00  3.000e+00]
           sol: <scipy.interpolate._interpolate.PPoly object at 0x11789e220>
             p: None
             y: [[ 1.000e+00  1.001e+00 ...  6.283e-01  6.278e-01]
                 [ 2.000e+00  2.001e+00 ... -1.499e+00 -1.500e+00]
                 [ 2.722e+00  2.726e+00 ...  3.767e-04  0.000e+00]
                 [-1.688e+01 -1.688e+01 ... -8.558e-04  2.082e-15]]
            yp: [[ 2.000e+00  2.001e+00 ... -1.499e+00 -1.500e+00]
                 [ 2.855e+00  2.851e+00 ... -1.535e+00 -1.536e+00]
                 [ 1.488e+01  1.487e+01 ... -1.256e+00 -1.256e+00]
                 [ 9.609e+00  9.621e+00 ...  2.998e+00  2.999e+00]]
 rms_residuals: [ 2.787e-02  2.783e-02 ...  1.536e-01  1.536e-01]
         niter: 1
       message: The maximum number of mesh nodes is exceeded.
       success: False
        status: 1
             x: [ 0.000e+00  3.000e-04 ...  3.000e+00  3.000e+00]
           sol: <scipy.interpolate._interpolate.PPoly object at 0x11789e2c0>
             p: None
             y: [[ 1.000e+00  1.001e+00 ...  6.364e-01  6.360e-01]
                 [ 2.000e+00  2.001e+00 ... -1.494e+00 -1.495e+00]
                 [ 2.701e+00  2.706e+00 ...  3.816e-04  0.000e+00]
                 [-1.709e+01 -1.708e+01 ... -8.535e-04 -1.249e-15]]
            yp: [[ 2.000e+00  2.001e+00 ... -1.494e+00 -1.495e+00]
                 [ 2.928e+00  2.924e+00 ... -1.525e+00 -1.526e+00]
                 [ 1.509e+01  1.508e+01 ... -1.272e+00 -1.272e+00]
                 [ 9.507e+00  9.519e+00 ...  2.989e+00  2.990e+00]]
 rms_residuals: [ 2.765e-02  2.761e-02 ...  1.539e-01  1.539e-01]
         niter: 1
       message: The maximum number of mesh nodes is exceeded.
       success: False
        status: 1
             x: [ 0.000e+00  3.000e-04 ...  3.000e+00  3.000e+00]
           sol: <scipy.interpolate._interpolate.PPoly object at 0x11789e360>
             p: None
             y: [[ 1.000e+00  1.001e+00 ...  6.442e-01  6.438e-01]
                 [ 2.000e+00  2.001e+00 ... -1.490e+00 -1.490e+00]
                 [ 2.682e+00  2.687e+00 ...  3.863e-04  0.000e+00]
                 [-1.728e+01 -1.728e+01 ... -8.512e-04  4.163e-16]]
            yp: [[ 2.000e+00  2.001e+00 ... -1.490e+00 -1.490e+00]
                 [ 2.996e+00  2.993e+00 ... -1.515e+00 -1.516e+00]
                 [ 1.528e+01  1.528e+01 ... -1.288e+00 -1.288e+00]
                 [ 9.410e+00  9.421e+00 ...  2.980e+00  2.981e+00]]
 rms_residuals: [ 2.745e-02  2.740e-02 ...  1.541e-01  1.541e-01]
         niter: 1
       message: The maximum number of mesh nodes is exceeded.
       success: False
        status: 1
             x: [ 0.000e+00  3.000e-04 ...  3.000e+00  3.000e+00]
           sol: <scipy.interpolate._interpolate.PPoly object at 0x11789e400>
             p: None
             y: [[ 1.000e+00  1.001e+00 ...  6.517e-01  6.513e-01]
                 [ 2.000e+00  2.001e+00 ... -1.485e+00 -1.486e+00]
                 [ 2.663e+00  2.668e+00 ...  3.908e-04  0.000e+00]
                 [-1.747e+01 -1.746e+01 ... -8.491e-04  9.714e-16]]
            yp: [[ 2.000e+00  2.001e+00 ... -1.485e+00 -1.486e+00]
                 [ 3.061e+00  3.058e+00 ... -1.506e+00 -1.507e+00]
                 [ 1.547e+01  1.546e+01 ... -1.303e+00 -1.303e+00]
                 [ 9.316e+00  9.328e+00 ...  2.971e+00  2.972e+00]]
 rms_residuals: [ 2.727e-02  2.722e-02 ...  1.542e-01  1.543e-01]
         niter: 1
       message: The maximum number of mesh nodes is exceeded.
       success: False
        status: 1
             x: [ 0.000e+00  3.000e-04 ...  3.000e+00  3.000e+00]
           sol: <scipy.interpolate._interpolate.PPoly object at 0x11789e4a0>
             p: None
             y: [[ 1.000e+00  1.001e+00 ...  6.589e-01  6.585e-01]
                 [ 2.000e+00  2.001e+00 ... -1.481e+00 -1.482e+00]
                 [ 2.645e+00  2.650e+00 ...  3.951e-04  0.000e+00]
                 [-1.764e+01 -1.764e+01 ... -8.471e-04  3.608e-16]]
            yp: [[ 2.000e+00  2.001e+00 ... -1.481e+00 -1.482e+00]
                 [ 3.122e+00  3.119e+00 ... -1.497e+00 -1.498e+00]
                 [ 1.564e+01  1.564e+01 ... -1.317e+00 -1.317e+00]
                 [ 9.227e+00  9.239e+00 ...  2.962e+00  2.963e+00]]
 rms_residuals: [ 2.710e-02  2.705e-02 ...  1.544e-01  1.544e-01]
         niter: 1
       message: The maximum number of mesh nodes is exceeded.
       success: False
        status: 1
             x: [ 0.000e+00  3.000e-04 ...  3.000e+00  3.000e+00]
           sol: <scipy.interpolate._interpolate.PPoly object at 0x11789e540>
             p: None
             y: [[ 1.000e+00  1.001e+00 ...  6.658e-01  6.654e-01]
                 [ 2.000e+00  2.001e+00 ... -1.477e+00 -1.478e+00]
                 [ 2.629e+00  2.633e+00 ...  3.993e-04  0.000e+00]
                 [-1.780e+01 -1.780e+01 ... -8.451e-04 -5.551e-16]]
            yp: [[ 2.000e+00  2.001e+00 ... -1.477e+00 -1.478e+00]
                 [ 3.180e+00  3.176e+00 ... -1.488e+00 -1.489e+00]
                 [ 1.580e+01  1.580e+01 ... -1.331e+00 -1.331e+00]
                 [ 9.143e+00  9.154e+00 ...  2.954e+00  2.955e+00]]
 rms_residuals: [ 2.695e-02  2.690e-02 ...  1.545e-01  1.545e-01]
         niter: 1
       message: The maximum number of mesh nodes is exceeded.
       success: False
        status: 1
             x: [ 0.000e+00  3.000e-04 ...  3.000e+00  3.000e+00]
           sol: <scipy.interpolate._interpolate.PPoly object at 0x11789e5e0>
             p: None
             y: [[ 1.000e+00  1.001e+00 ...  6.724e-01  6.720e-01]
                 [ 2.000e+00  2.001e+00 ... -1.473e+00 -1.474e+00]
                 [ 2.612e+00  2.617e+00 ...  4.032e-04  0.000e+00]
                 [-1.795e+01 -1.795e+01 ... -8.433e-04 -6.384e-16]]
            yp: [[ 2.000e+00  2.001e+00 ... -1.473e+00 -1.474e+00]
                 [ 3.234e+00  3.230e+00 ... -1.479e+00 -1.480e+00]
                 [ 1.595e+01  1.595e+01 ... -1.344e+00 -1.344e+00]
                 [ 9.062e+00  9.074e+00 ...  2.947e+00  2.948e+00]]
 rms_residuals: [ 2.682e-02  2.677e-02 ...  1.546e-01  1.546e-01]
         niter: 1
       message: The maximum number of mesh nodes is exceeded.
       success: False
        status: 1
             x: [ 0.000e+00  3.000e-04 ...  3.000e+00  3.000e+00]
           sol: <scipy.interpolate._interpolate.PPoly object at 0x11789e680>
             p: None
             y: [[ 1.000e+00  1.001e+00 ...  6.787e-01  6.783e-01]
                 [ 2.000e+00  2.001e+00 ... -1.470e+00 -1.470e+00]
                 [ 2.597e+00  2.602e+00 ...  4.070e-04  0.000e+00]
                 [-1.810e+01 -1.809e+01 ... -8.415e-04 -9.714e-16]]
            yp: [[ 2.000e+00  2.001e+00 ... -1.470e+00 -1.470e+00]
                 [ 3.285e+00  3.281e+00 ... -1.471e+00 -1.472e+00]
                 [ 1.610e+01  1.609e+01 ... -1.357e+00 -1.357e+00]
                 [ 8.986e+00  8.998e+00 ...  2.939e+00  2.940e+00]]
 rms_residuals: [ 2.670e-02  2.665e-02 ...  1.547e-01  1.547e-01]
         niter: 1
       message: The maximum number of mesh nodes is exceeded.
       success: False
        status: 1
             x: [ 0.000e+00  3.000e-04 ...  3.000e+00  3.000e+00]
           sol: <scipy.interpolate._interpolate.PPoly object at 0x11789e720>
             p: None
             y: [[ 1.000e+00  1.001e+00 ...  6.848e-01  6.843e-01]
                 [ 2.000e+00  2.001e+00 ... -1.466e+00 -1.467e+00]
                 [ 2.583e+00  2.588e+00 ...  4.106e-04  0.000e+00]
                 [-1.823e+01 -1.823e+01 ... -8.398e-04  6.661e-16]]
            yp: [[ 2.000e+00  2.001e+00 ... -1.466e+00 -1.467e+00]
                 [ 3.333e+00  3.329e+00 ... -1.463e+00 -1.464e+00]
                 [ 1.623e+01  1.622e+01 ... -1.369e+00 -1.369e+00]
                 [ 8.914e+00  8.926e+00 ...  2.932e+00  2.933e+00]]
 rms_residuals: [ 2.660e-02  2.655e-02 ...  1.547e-01  1.548e-01]
         niter: 1
       message: The maximum number of mesh nodes is exceeded.
       success: False
        status: 1
             x: [ 0.000e+00  3.000e-04 ...  3.000e+00  3.000e+00]
           sol: <scipy.interpolate._interpolate.PPoly object at 0x11789e7c0>
             p: None
             y: [[ 1.000e+00  1.001e+00 ...  6.905e-01  6.901e-01]
                 [ 2.000e+00  2.001e+00 ... -1.463e+00 -1.463e+00]
                 [ 2.569e+00  2.574e+00 ...  4.141e-04  0.000e+00]
                 [-1.835e+01 -1.835e+01 ... -8.381e-04 -8.882e-16]]
            yp: [[ 2.000e+00  2.001e+00 ... -1.463e+00 -1.463e+00]
                 [ 3.378e+00  3.374e+00 ... -1.456e+00 -1.456e+00]
                 [ 1.635e+01  1.635e+01 ... -1.380e+00 -1.380e+00]
                 [ 8.846e+00  8.858e+00 ...  2.925e+00  2.926e+00]]
 rms_residuals: [ 2.651e-02  2.646e-02 ...  1.548e-01  1.548e-01]
         niter: 1
       message: The maximum number of mesh nodes is exceeded.
       success: False
        status: 1
             x: [ 0.000e+00  3.000e-04 ...  3.000e+00  3.000e+00]
           sol: <scipy.interpolate._interpolate.PPoly object at 0x11789e860>
             p: None
             y: [[ 1.000e+00  1.001e+00 ...  6.960e-01  6.955e-01]
                 [ 2.000e+00  2.001e+00 ... -1.459e+00 -1.460e+00]
                 [ 2.556e+00  2.561e+00 ...  4.174e-04  0.000e+00]
                 [-1.847e+01 -1.847e+01 ... -8.365e-04 -1.610e-15]]
            yp: [[ 2.000e+00  2.001e+00 ... -1.459e+00 -1.460e+00]
                 [ 3.420e+00  3.416e+00 ... -1.448e+00 -1.449e+00]
                 [ 1.647e+01  1.646e+01 ... -1.391e+00 -1.391e+00]
                 [ 8.782e+00  8.794e+00 ...  2.919e+00  2.920e+00]]
 rms_residuals: [ 2.643e-02  2.638e-02 ...  1.549e-01  1.549e-01]
         niter: 1
       message: The maximum number of mesh nodes is exceeded.
       success: False
        status: 1
             x: [ 0.000e+00  3.000e-04 ...  3.000e+00  3.000e+00]
           sol: <scipy.interpolate._interpolate.PPoly object at 0x11789e900>
             p: None
             y: [[ 1.000e+00  1.001e+00 ...  7.012e-01  7.008e-01]
                 [ 2.000e+00  2.001e+00 ... -1.456e+00 -1.457e+00]
                 [ 2.544e+00  2.549e+00 ...  4.205e-04  0.000e+00]
                 [-1.858e+01 -1.857e+01 ... -8.350e-04 -9.992e-16]]
            yp: [[ 2.000e+00  2.001e+00 ... -1.456e+00 -1.457e+00]
                 [ 3.459e+00  3.455e+00 ... -1.441e+00 -1.442e+00]
                 [ 1.658e+01  1.657e+01 ... -1.402e+00 -1.402e+00]
                 [ 8.722e+00  8.733e+00 ...  2.912e+00  2.913e+00]]
 rms_residuals: [ 2.636e-02  2.631e-02 ...  1.550e-01  1.550e-01]
         niter: 1
       message: The maximum number of mesh nodes is exceeded.
       success: False
        status: 1
             x: [ 0.000e+00  3.000e-04 ...  3.000e+00  3.000e+00]
           sol: <scipy.interpolate._interpolate.PPoly object at 0x11789e9a0>
             p: None
             y: [[ 1.000e+00  1.001e+00 ...  7.062e-01  7.057e-01]
                 [ 2.000e+00  2.001e+00 ... -1.453e+00 -1.454e+00]
                 [ 2.533e+00  2.538e+00 ...  4.235e-04  0.000e+00]
                 [-1.868e+01 -1.868e+01 ... -8.336e-04  0.000e+00]]
            yp: [[ 2.000e+00  2.001e+00 ... -1.453e+00 -1.454e+00]
                 [ 3.496e+00  3.492e+00 ... -1.434e+00 -1.435e+00]
                 [ 1.668e+01  1.667e+01 ... -1.411e+00 -1.411e+00]
                 [ 8.665e+00  8.677e+00 ...  2.906e+00  2.907e+00]]
 rms_residuals: [ 2.630e-02  2.625e-02 ...  1.550e-01  1.550e-01]
         niter: 1
       message: The maximum number of mesh nodes is exceeded.
       success: False
        status: 1
             x: [ 0.000e+00  3.000e-04 ...  3.000e+00  3.000e+00]
           sol: <scipy.interpolate._interpolate.PPoly object at 0x11789ea40>
             p: None
             y: [[ 1.000e+00  1.001e+00 ...  7.109e-01  7.104e-01]
                 [ 2.000e+00  2.001e+00 ... -1.450e+00 -1.451e+00]
                 [ 2.522e+00  2.527e+00 ...  4.263e-04  0.000e+00]
                 [-1.877e+01 -1.877e+01 ... -8.322e-04  7.216e-16]]
            yp: [[ 2.000e+00  2.001e+00 ... -1.450e+00 -1.451e+00]
                 [ 3.531e+00  3.527e+00 ... -1.428e+00 -1.429e+00]
                 [ 1.677e+01  1.677e+01 ... -1.421e+00 -1.421e+00]
                 [ 8.611e+00  8.623e+00 ...  2.901e+00  2.902e+00]]
 rms_residuals: [ 2.625e-02  2.620e-02 ...  1.551e-01  1.551e-01]
         niter: 1
       message: The maximum number of mesh nodes is exceeded.
       success: False
        status: 1
             x: [ 0.000e+00  3.000e-04 ...  3.000e+00  3.000e+00]
           sol: <scipy.interpolate._interpolate.PPoly object at 0x11789eae0>
             p: None
             y: [[ 1.000e+00  1.001e+00 ...  7.153e-01  7.149e-01]
                 [ 2.000e+00  2.001e+00 ... -1.448e+00 -1.448e+00]
                 [ 2.512e+00  2.517e+00 ...  4.290e-04  0.000e+00]
                 [-1.886e+01 -1.886e+01 ... -8.309e-04  1.027e-15]]
            yp: [[ 2.000e+00  2.001e+00 ... -1.448e+00 -1.448e+00]
                 [ 3.563e+00  3.560e+00 ... -1.422e+00 -1.423e+00]
                 [ 1.686e+01  1.686e+01 ... -1.430e+00 -1.430e+00]
                 [ 8.561e+00  8.573e+00 ...  2.895e+00  2.896e+00]]
 rms_residuals: [ 2.621e-02  2.616e-02 ...  1.551e-01  1.552e-01]
         niter: 1
       message: The maximum number of mesh nodes is exceeded.
       success: False
        status: 1
             x: [ 0.000e+00  3.000e-04 ...  3.000e+00  3.000e+00]
           sol: <scipy.interpolate._interpolate.PPoly object at 0x11789eb80>
             p: None
             y: [[ 1.000e+00  1.001e+00 ...  7.195e-01  7.191e-01]
                 [ 2.000e+00  2.001e+00 ... -1.445e+00 -1.445e+00]
                 [ 2.503e+00  2.508e+00 ...  4.315e-04  0.000e+00]
                 [-1.894e+01 -1.894e+01 ... -8.296e-04  1.193e-15]]
            yp: [[ 2.000e+00  2.001e+00 ... -1.445e+00 -1.445e+00]
                 [ 3.594e+00  3.590e+00 ... -1.416e+00 -1.417e+00]
                 [ 1.694e+01  1.694e+01 ... -1.438e+00 -1.438e+00]
                 [ 8.515e+00  8.526e+00 ...  2.890e+00  2.891e+00]]
 rms_residuals: [ 2.618e-02  2.613e-02 ...  1.552e-01  1.552e-01]
         niter: 1
       message: The maximum number of mesh nodes is exceeded.
       success: False
        status: 1
             x: [ 0.000e+00  3.000e-04 ...  3.000e+00  3.000e+00]
           sol: <scipy.interpolate._interpolate.PPoly object at 0x11789ec20>
             p: None
             y: [[ 1.000e+00  1.001e+00 ...  7.235e-01  7.231e-01]
                 [ 2.000e+00  2.001e+00 ... -1.442e+00 -1.443e+00]
                 [ 2.494e+00  2.499e+00 ...  4.339e-04  0.000e+00]
                 [-1.902e+01 -1.902e+01 ... -8.284e-04  1.443e-15]]
            yp: [[ 2.000e+00  2.001e+00 ... -1.442e+00 -1.443e+00]
                 [ 3.622e+00  3.618e+00 ... -1.411e+00 -1.412e+00]
                 [ 1.702e+01  1.702e+01 ... -1.446e+00 -1.446e+00]
                 [ 8.471e+00  8.483e+00 ...  2.885e+00  2.886e+00]]
 rms_residuals: [ 2.615e-02  2.610e-02 ...  1.553e-01  1.553e-01]
         niter: 1
       message: The maximum number of mesh nodes is exceeded.
       success: False
        status: 1
             x: [ 0.000e+00  3.000e-04 ...  3.000e+00  3.000e+00]
           sol: <scipy.interpolate._interpolate.PPoly object at 0x11789ecc0>
             p: None
             y: [[ 1.000e+00  1.001e+00 ...  7.273e-01  7.269e-01]
                 [ 2.000e+00  2.001e+00 ... -1.440e+00 -1.441e+00]
                 [ 2.486e+00  2.491e+00 ...  4.362e-04  0.000e+00]
                 [-1.909e+01 -1.909e+01 ... -8.273e-04  1.943e-16]]
            yp: [[ 2.000e+00  2.001e+00 ... -1.440e+00 -1.441e+00]
                 [ 3.649e+00  3.645e+00 ... -1.405e+00 -1.406e+00]
                 [ 1.709e+01  1.709e+01 ... -1.454e+00 -1.454e+00]
                 [ 8.429e+00  8.441e+00 ...  2.880e+00  2.881e+00]]
 rms_residuals: [ 2.613e-02  2.607e-02 ...  1.553e-01  1.554e-01]
         niter: 1
       message: The maximum number of mesh nodes is exceeded.
       success: False
        status: 1
             x: [ 0.000e+00  3.000e-04 ...  3.000e+00  3.000e+00]
           sol: <scipy.interpolate._interpolate.PPoly object at 0x11789ed60>
             p: None
             y: [[ 1.000e+00  1.001e+00 ...  7.309e-01  7.304e-01]
                 [ 2.000e+00  2.001e+00 ... -1.438e+00 -1.438e+00]
                 [ 2.478e+00  2.483e+00 ...  4.383e-04  0.000e+00]
                 [-1.916e+01 -1.916e+01 ... -8.262e-04 -9.714e-16]]
            yp: [[ 2.000e+00  2.001e+00 ... -1.438e+00 -1.438e+00]
                 [ 3.674e+00  3.670e+00 ... -1.401e+00 -1.401e+00]
                 [ 1.716e+01  1.716e+01 ... -1.461e+00 -1.461e+00]
                 [ 8.391e+00  8.403e+00 ...  2.876e+00  2.877e+00]]
 rms_residuals: [ 2.611e-02  2.605e-02 ...  1.554e-01  1.554e-01]
         niter: 1
       message: The maximum number of mesh nodes is exceeded.
       success: False
        status: 1
             x: [ 0.000e+00  3.000e-04 ...  3.000e+00  3.000e+00]
           sol: <scipy.interpolate._interpolate.PPoly object at 0x11789ee00>
             p: None
             y: [[ 1.000e+00  1.001e+00 ...  7.342e-01  7.338e-01]
                 [ 2.000e+00  2.001e+00 ... -1.436e+00 -1.436e+00]
                 [ 2.471e+00  2.476e+00 ...  4.403e-04  0.000e+00]
                 [-1.922e+01 -1.922e+01 ... -8.252e-04 -7.216e-16]]
            yp: [[ 2.000e+00  2.001e+00 ... -1.436e+00 -1.436e+00]
                 [ 3.697e+00  3.693e+00 ... -1.396e+00 -1.397e+00]
                 [ 1.722e+01  1.722e+01 ... -1.468e+00 -1.468e+00]
                 [ 8.355e+00  8.367e+00 ...  2.872e+00  2.873e+00]]
 rms_residuals: [ 2.609e-02  2.604e-02 ...  1.555e-01  1.555e-01]
         niter: 1
       message: The maximum number of mesh nodes is exceeded.
       success: False
        status: 1
             x: [ 0.000e+00  3.000e-04 ...  3.000e+00  3.000e+00]
           sol: <scipy.interpolate._interpolate.PPoly object at 0x11789eea0>
             p: None
             y: [[ 1.000e+00  1.001e+00 ...  7.374e-01  7.369e-01]
                 [ 2.000e+00  2.001e+00 ... -1.434e+00 -1.434e+00]
                 [ 2.464e+00  2.469e+00 ...  4.422e-04  0.000e+00]
                 [-1.928e+01 -1.928e+01 ... -8.242e-04  1.388e-15]]
            yp: [[ 2.000e+00  2.001e+00 ... -1.434e+00 -1.434e+00]
                 [ 3.719e+00  3.715e+00 ... -1.391e+00 -1.392e+00]
                 [ 1.728e+01  1.728e+01 ... -1.474e+00 -1.474e+00]
                 [ 8.321e+00  8.333e+00 ...  2.868e+00  2.869e+00]]
 rms_residuals: [ 2.608e-02  2.603e-02 ...  1.556e-01  1.556e-01]
         niter: 1
       message: The maximum number of mesh nodes is exceeded.
       success: False
        status: 1
             x: [ 0.000e+00  3.000e-04 ...  3.000e+00  3.000e+00]
           sol: <scipy.interpolate._interpolate.PPoly object at 0x11789ef40>
             p: None
             y: [[ 1.000e+00  1.001e+00 ...  7.404e-01  7.399e-01]
                 [ 2.000e+00  2.001e+00 ... -1.432e+00 -1.432e+00]
                 [ 2.458e+00  2.463e+00 ...  4.440e-04  0.000e+00]
                 [-1.933e+01 -1.933e+01 ... -8.233e-04  2.581e-15]]
            yp: [[ 2.000e+00  2.001e+00 ... -1.432e+00 -1.432e+00]
                 [ 3.739e+00  3.735e+00 ... -1.387e+00 -1.388e+00]
                 [ 1.733e+01  1.733e+01 ... -1.480e+00 -1.480e+00]
                 [ 8.290e+00  8.302e+00 ...  2.864e+00  2.865e+00]]
 rms_residuals: [ 2.608e-02  2.602e-02 ...  1.556e-01  1.556e-01]
         niter: 1
       message: The maximum number of mesh nodes is exceeded.
       success: False
        status: 1
             x: [ 0.000e+00  3.000e-04 ...  3.000e+00  3.000e+00]
           sol: <scipy.interpolate._interpolate.PPoly object at 0x11789e130>
             p: None
             y: [[ 1.000e+00  1.001e+00 ...  7.432e-01  7.427e-01]
                 [ 2.000e+00  2.001e+00 ... -1.430e+00 -1.431e+00]
                 [ 2.452e+00  2.457e+00 ...  4.457e-04  0.000e+00]
                 [-1.938e+01 -1.938e+01 ... -8.225e-04 -1.305e-15]]
            yp: [[ 2.000e+00  2.001e+00 ... -1.430e+00 -1.431e+00]
                 [ 3.758e+00  3.754e+00 ... -1.383e+00 -1.384e+00]
                 [ 1.738e+01  1.738e+01 ... -1.485e+00 -1.485e+00]
                 [ 8.260e+00  8.272e+00 ...  2.860e+00  2.861e+00]]
 rms_residuals: [ 2.607e-02  2.602e-02 ...  1.557e-01  1.557e-01]
         niter: 1
       message: The maximum number of mesh nodes is exceeded.
       success: False
        status: 1
             x: [ 0.000e+00  3.000e-04 ...  3.000e+00  3.000e+00]
           sol: <scipy.interpolate._interpolate.PPoly object at 0x1178a4090>
             p: None
             y: [[ 1.000e+00  1.001e+00 ...  7.458e-01  7.454e-01]
                 [ 2.000e+00  2.001e+00 ... -1.429e+00 -1.429e+00]
                 [ 2.447e+00  2.452e+00 ...  4.473e-04  0.000e+00]
                 [-1.943e+01 -1.943e+01 ... -8.216e-04  1.776e-15]]
            yp: [[ 2.000e+00  2.001e+00 ... -1.429e+00 -1.429e+00]
                 [ 3.775e+00  3.772e+00 ... -1.380e+00 -1.380e+00]
                 [ 1.743e+01  1.743e+01 ... -1.491e+00 -1.491e+00]
                 [ 8.233e+00  8.245e+00 ...  2.857e+00  2.858e+00]]
 rms_residuals: [ 2.607e-02  2.601e-02 ...  1.557e-01  1.558e-01]
         niter: 1
       message: The maximum number of mesh nodes is exceeded.
       success: False
        status: 1
             x: [ 0.000e+00  3.000e-04 ...  3.000e+00  3.000e+00]
           sol: <scipy.interpolate._interpolate.PPoly object at 0x1178a4180>
             p: None
             y: [[ 1.000e+00  1.001e+00 ...  7.483e-01  7.478e-01]
                 [ 2.000e+00  2.001e+00 ... -1.427e+00 -1.427e+00]
                 [ 2.441e+00  2.447e+00 ...  4.488e-04  0.000e+00]
                 [-1.948e+01 -1.947e+01 ... -8.209e-04  1.776e-15]]
            yp: [[ 2.000e+00  2.001e+00 ... -1.427e+00 -1.427e+00]
                 [ 3.792e+00  3.788e+00 ... -1.376e+00 -1.377e+00]
                 [ 1.748e+01  1.747e+01 ... -1.496e+00 -1.496e+00]
                 [ 8.207e+00  8.219e+00 ...  2.854e+00  2.855e+00]]
 rms_residuals: [ 2.607e-02  2.601e-02 ...  1.558e-01  1.558e-01]
         niter: 1
       message: The maximum number of mesh nodes is exceeded.
       success: False
        status: 1
             x: [ 0.000e+00  3.000e-04 ...  3.000e+00  3.000e+00]
           sol: <scipy.interpolate._interpolate.PPoly object at 0x1178a4220>
             p: None
             y: [[ 1.000e+00  1.001e+00 ...  7.506e-01  7.502e-01]
                 [ 2.000e+00  2.001e+00 ... -1.425e+00 -1.426e+00]
                 [ 2.437e+00  2.442e+00 ...  4.501e-04  0.000e+00]
                 [-1.952e+01 -1.951e+01 ... -8.201e-04  8.049e-16]]
            yp: [[ 2.000e+00  2.001e+00 ... -1.425e+00 -1.426e+00]
                 [ 3.807e+00  3.804e+00 ... -1.373e+00 -1.374e+00]
                 [ 1.752e+01  1.751e+01 ... -1.500e+00 -1.500e+00]
                 [ 8.183e+00  8.195e+00 ...  2.851e+00  2.852e+00]]
 rms_residuals: [ 2.607e-02  2.601e-02 ...  1.559e-01  1.559e-01]
         niter: 1
       message: The maximum number of mesh nodes is exceeded.
       success: False
        status: 1
             x: [ 0.000e+00  3.000e-04 ...  3.000e+00  3.000e+00]
           sol: <scipy.interpolate._interpolate.PPoly object at 0x1178a42c0>
             p: None
             y: [[ 1.000e+00  1.001e+00 ...  7.528e-01  7.523e-01]
                 [ 2.000e+00  2.001e+00 ... -1.424e+00 -1.425e+00]
                 [ 2.432e+00  2.437e+00 ...  4.515e-04  0.000e+00]
                 [-1.956e+01 -1.955e+01 ... -8.195e-04  1.305e-15]]
            yp: [[ 2.000e+00  2.001e+00 ... -1.424e+00 -1.425e+00]
                 [ 3.822e+00  3.818e+00 ... -1.370e+00 -1.371e+00]
                 [ 1.756e+01  1.755e+01 ... -1.505e+00 -1.505e+00]
                 [ 8.161e+00  8.173e+00 ...  2.848e+00  2.849e+00]]
 rms_residuals: [ 2.607e-02  2.601e-02 ...  1.559e-01  1.559e-01]
         niter: 1
       message: The maximum number of mesh nodes is exceeded.
       success: False
        status: 1
             x: [ 0.000e+00  3.000e-04 ...  3.000e+00  3.000e+00]
           sol: <scipy.interpolate._interpolate.PPoly object at 0x1178a4360>
             p: None
             y: [[ 1.000e+00  1.001e+00 ...  7.548e-01  7.544e-01]
                 [ 2.000e+00  2.001e+00 ... -1.423e+00 -1.423e+00]
                 [ 2.428e+00  2.433e+00 ...  4.527e-04  0.000e+00]
                 [-1.959e+01 -1.959e+01 ... -8.188e-04  3.886e-16]]
            yp: [[ 2.000e+00  2.001e+00 ... -1.423e+00 -1.423e+00]
                 [ 3.835e+00  3.832e+00 ... -1.367e+00 -1.368e+00]
                 [ 1.759e+01  1.759e+01 ... -1.509e+00 -1.509e+00]
                 [ 8.140e+00  8.152e+00 ...  2.845e+00  2.847e+00]]
 rms_residuals: [ 2.607e-02  2.602e-02 ...  1.560e-01  1.560e-01]
         niter: 1
       message: The maximum number of mesh nodes is exceeded.
       success: False
        status: 1
             x: [ 0.000e+00  3.000e-04 ...  3.000e+00  3.000e+00]
           sol: <scipy.interpolate._interpolate.PPoly object at 0x1178a4400>
             p: None
             y: [[ 1.000e+00  1.001e+00 ...  7.567e-01  7.563e-01]
                 [ 2.000e+00  2.001e+00 ... -1.422e+00 -1.422e+00]
                 [ 2.424e+00  2.429e+00 ...  4.538e-04  0.000e+00]
                 [-1.962e+01 -1.962e+01 ... -8.182e-04 -6.939e-16]]
            yp: [[ 2.000e+00  2.001e+00 ... -1.422e+00 -1.422e+00]
                 [ 3.848e+00  3.844e+00 ... -1.364e+00 -1.365e+00]
                 [ 1.762e+01  1.762e+01 ... -1.513e+00 -1.513e+00]
                 [ 8.121e+00  8.133e+00 ...  2.843e+00  2.844e+00]]
 rms_residuals: [ 2.608e-02  2.602e-02 ...  1.560e-01  1.561e-01]
         niter: 1
       message: The maximum number of mesh nodes is exceeded.
       success: False
        status: 1
             x: [ 0.000e+00  3.000e-04 ...  3.000e+00  3.000e+00]
           sol: <scipy.interpolate._interpolate.PPoly object at 0x1178a44a0>
             p: None
             y: [[ 1.000e+00  1.001e+00 ...  7.585e-01  7.581e-01]
                 [ 2.000e+00  2.001e+00 ... -1.420e+00 -1.421e+00]
                 [ 2.421e+00  2.426e+00 ...  4.549e-04  0.000e+00]
                 [-1.966e+01 -1.965e+01 ... -8.177e-04 -4.441e-16]]
            yp: [[ 2.000e+00  2.001e+00 ... -1.420e+00 -1.421e+00]
                 [ 3.859e+00  3.856e+00 ... -1.362e+00 -1.362e+00]
                 [ 1.766e+01  1.765e+01 ... -1.516e+00 -1.516e+00]
                 [ 8.103e+00  8.115e+00 ...  2.841e+00  2.842e+00]]
 rms_residuals: [ 2.608e-02  2.602e-02 ...  1.561e-01  1.561e-01]
         niter: 1
       message: The maximum number of mesh nodes is exceeded.
       success: False
        status: 1
             x: [ 0.000e+00  3.000e-04 ...  3.000e+00  3.000e+00]
           sol: <scipy.interpolate._interpolate.PPoly object at 0x1178a4540>
             p: None
             y: [[ 1.000e+00  1.001e+00 ...  7.602e-01  7.598e-01]
                 [ 2.000e+00  2.001e+00 ... -1.419e+00 -1.420e+00]
                 [ 2.417e+00  2.423e+00 ...  4.559e-04  0.000e+00]
                 [-1.968e+01 -1.968e+01 ... -8.171e-04  2.776e-17]]
            yp: [[ 2.000e+00  2.001e+00 ... -1.419e+00 -1.420e+00]
                 [ 3.870e+00  3.867e+00 ... -1.359e+00 -1.360e+00]
                 [ 1.768e+01  1.768e+01 ... -1.520e+00 -1.520e+00]
                 [ 8.086e+00  8.098e+00 ...  2.839e+00  2.840e+00]]
 rms_residuals: [ 2.608e-02  2.603e-02 ...  1.561e-01  1.562e-01]
         niter: 1
       message: The maximum number of mesh nodes is exceeded.
       success: False
        status: 1
             x: [ 0.000e+00  3.000e-04 ...  3.000e+00  3.000e+00]
           sol: <scipy.interpolate._interpolate.PPoly object at 0x1178a45e0>
             p: None
             y: [[ 1.000e+00  1.001e+00 ...  7.618e-01  7.613e-01]
                 [ 2.000e+00  2.001e+00 ... -1.418e+00 -1.419e+00]
                 [ 2.414e+00  2.419e+00 ...  4.569e-04  0.000e+00]
                 [-1.971e+01 -1.971e+01 ... -8.166e-04 -3.053e-15]]
            yp: [[ 2.000e+00  2.001e+00 ... -1.418e+00 -1.419e+00]
                 [ 3.880e+00  3.877e+00 ... -1.357e+00 -1.358e+00]
                 [ 1.771e+01  1.771e+01 ... -1.523e+00 -1.523e+00]
                 [ 8.070e+00  8.082e+00 ...  2.837e+00  2.838e+00]]
 rms_residuals: [ 2.609e-02  2.603e-02 ...  1.562e-01  1.562e-01]
         niter: 1
       message: The maximum number of mesh nodes is exceeded.
       success: False
        status: 1
             x: [ 0.000e+00  3.000e-04 ...  3.000e+00  3.000e+00]
           sol: <scipy.interpolate._interpolate.PPoly object at 0x1178a4680>
             p: None
             y: [[ 1.000e+00  1.001e+00 ...  7.632e-01  7.628e-01]
                 [ 2.000e+00  2.001e+00 ... -1.417e+00 -1.418e+00]
                 [ 2.411e+00  2.416e+00 ...  4.577e-04  0.000e+00]
                 [-1.974e+01 -1.973e+01 ... -8.162e-04 -1.638e-15]]
            yp: [[ 2.000e+00  2.001e+00 ... -1.417e+00 -1.418e+00]
                 [ 3.890e+00  3.886e+00 ... -1.355e+00 -1.356e+00]
                 [ 1.774e+01  1.773e+01 ... -1.526e+00 -1.526e+00]
                 [ 8.056e+00  8.068e+00 ...  2.835e+00  2.836e+00]]
 rms_residuals: [ 2.609e-02  2.604e-02 ...  1.562e-01  1.562e-01]
         niter: 1
       message: The maximum number of mesh nodes is exceeded.
       success: False
        status: 1
             x: [ 0.000e+00  3.000e-04 ...  3.000e+00  3.000e+00]
           sol: <scipy.interpolate._interpolate.PPoly object at 0x1178a4720>
             p: None
             y: [[ 1.000e+00  1.001e+00 ...  7.646e-01  7.642e-01]
                 [ 2.000e+00  2.001e+00 ... -1.417e+00 -1.417e+00]
                 [ 2.408e+00  2.414e+00 ...  4.586e-04  0.000e+00]
                 [-1.976e+01 -1.976e+01 ... -8.157e-04  8.604e-16]]
            yp: [[ 2.000e+00  2.001e+00 ... -1.417e+00 -1.417e+00]
                 [ 3.899e+00  3.895e+00 ... -1.353e+00 -1.354e+00]
                 [ 1.776e+01  1.776e+01 ... -1.528e+00 -1.528e+00]
                 [ 8.042e+00  8.054e+00 ...  2.833e+00  2.834e+00]]
 rms_residuals: [ 2.610e-02  2.604e-02 ...  1.563e-01  1.563e-01]
         niter: 1
       message: The maximum number of mesh nodes is exceeded.
       success: False
        status: 1
             x: [ 0.000e+00  3.000e-04 ...  3.000e+00  3.000e+00]
           sol: <scipy.interpolate._interpolate.PPoly object at 0x1178a47c0>
             p: None
             y: [[ 1.000e+00  1.001e+00 ...  7.659e-01  7.655e-01]
                 [ 2.000e+00  2.001e+00 ... -1.416e+00 -1.416e+00]
                 [ 2.406e+00  2.411e+00 ...  4.593e-04  0.000e+00]
                 [-1.978e+01 -1.978e+01 ... -8.153e-04  7.772e-16]]
            yp: [[ 2.000e+00  2.001e+00 ... -1.416e+00 -1.416e+00]
                 [ 3.907e+00  3.903e+00 ... -1.351e+00 -1.352e+00]
                 [ 1.778e+01  1.778e+01 ... -1.531e+00 -1.531e+00]
                 [ 8.029e+00  8.042e+00 ...  2.831e+00  2.832e+00]]
 rms_residuals: [ 2.610e-02  2.605e-02 ...  1.563e-01  1.563e-01]
         niter: 1
       message: The maximum number of mesh nodes is exceeded.
       success: False
        status: 1
             x: [ 0.000e+00  3.000e-04 ...  3.000e+00  3.000e+00]
           sol: <scipy.interpolate._interpolate.PPoly object at 0x1178a4860>
             p: None
             y: [[ 1.000e+00  1.001e+00 ...  7.671e-01  7.667e-01]
                 [ 2.000e+00  2.001e+00 ... -1.415e+00 -1.415e+00]
                 [ 2.404e+00  2.409e+00 ...  4.601e-04  0.000e+00]
                 [-1.980e+01 -1.980e+01 ... -8.149e-04  6.939e-16]]
            yp: [[ 2.000e+00  2.001e+00 ... -1.415e+00 -1.415e+00]
                 [ 3.915e+00  3.911e+00 ... -1.349e+00 -1.350e+00]
                 [ 1.780e+01  1.780e+01 ... -1.533e+00 -1.533e+00]
                 [ 8.018e+00  8.030e+00 ...  2.830e+00  2.831e+00]]
 rms_residuals: [ 2.611e-02  2.605e-02 ...  1.564e-01  1.564e-01]
         niter: 1
       message: The maximum number of mesh nodes is exceeded.
       success: False
        status: 1
             x: [ 0.000e+00  3.000e-04 ...  3.000e+00  3.000e+00]
           sol: <scipy.interpolate._interpolate.PPoly object at 0x1178a4900>
             p: None
             y: [[ 1.000e+00  1.001e+00 ...  7.682e-01  7.678e-01]
                 [ 2.000e+00  2.001e+00 ... -1.414e+00 -1.415e+00]
                 [ 2.401e+00  2.407e+00 ...  4.607e-04  0.000e+00]
                 [-1.982e+01 -1.982e+01 ... -8.146e-04 -1.665e-16]]
            yp: [[ 2.000e+00  2.001e+00 ... -1.414e+00 -1.415e+00]
                 [ 3.922e+00  3.918e+00 ... -1.348e+00 -1.349e+00]
                 [ 1.782e+01  1.782e+01 ... -1.536e+00 -1.536e+00]
                 [ 8.007e+00  8.019e+00 ...  2.828e+00  2.829e+00]]
 rms_residuals: [ 2.611e-02  2.606e-02 ...  1.564e-01  1.564e-01]
         niter: 1
       message: The maximum number of mesh nodes is exceeded.
       success: False
        status: 1
             x: [ 0.000e+00  3.000e-04 ...  3.000e+00  3.000e+00]
           sol: <scipy.interpolate._interpolate.PPoly object at 0x1178a49a0>
             p: None
             y: [[ 1.000e+00  1.001e+00 ...  7.693e-01  7.688e-01]
                 [ 2.000e+00  2.001e+00 ... -1.414e+00 -1.414e+00]
                 [ 2.399e+00  2.405e+00 ...  4.614e-04  0.000e+00]
                 [-1.984e+01 -1.984e+01 ... -8.142e-04 -1.693e-15]]
            yp: [[ 2.000e+00  2.001e+00 ... -1.414e+00 -1.414e+00]
                 [ 3.928e+00  3.925e+00 ... -1.346e+00 -1.347e+00]
                 [ 1.784e+01  1.783e+01 ... -1.538e+00 -1.538e+00]
                 [ 7.996e+00  8.008e+00 ...  2.827e+00  2.828e+00]]
 rms_residuals: [ 2.612e-02  2.606e-02 ...  1.564e-01  1.564e-01]
         niter: 1
       message: The maximum number of mesh nodes is exceeded.
       success: False
        status: 1
             x: [ 0.000e+00  3.000e-04 ...  3.000e+00  3.000e+00]
           sol: <scipy.interpolate._interpolate.PPoly object at 0x1178a4a40>
             p: None
             y: [[ 1.000e+00  1.001e+00 ...  7.702e-01  7.698e-01]
                 [ 2.000e+00  2.001e+00 ... -1.413e+00 -1.413e+00]
                 [ 2.397e+00  2.403e+00 ...  4.619e-04  0.000e+00]
                 [-1.985e+01 -1.985e+01 ... -8.139e-04 -2.776e-17]]
            yp: [[ 2.000e+00  2.001e+00 ... -1.413e+00 -1.413e+00]
                 [ 3.935e+00  3.931e+00 ... -1.345e+00 -1.346e+00]
                 [ 1.785e+01  1.785e+01 ... -1.540e+00 -1.540e+00]
                 [ 7.987e+00  7.999e+00 ...  2.826e+00  2.827e+00]]
 rms_residuals: [ 2.613e-02  2.607e-02 ...  1.565e-01  1.565e-01]
         niter: 1
       message: The maximum number of mesh nodes is exceeded.
       success: False
        status: 1
             x: [ 0.000e+00  3.000e-04 ...  3.000e+00  3.000e+00]
           sol: <scipy.interpolate._interpolate.PPoly object at 0x1178a4ae0>
             p: None
             y: [[ 1.000e+00  1.001e+00 ...  7.712e-01  7.707e-01]
                 [ 2.000e+00  2.001e+00 ... -1.412e+00 -1.413e+00]
                 [ 2.396e+00  2.401e+00 ...  4.625e-04  0.000e+00]
                 [-1.987e+01 -1.987e+01 ... -8.136e-04  2.220e-16]]
            yp: [[ 2.000e+00  2.001e+00 ... -1.412e+00 -1.413e+00]
                 [ 3.940e+00  3.937e+00 ... -1.343e+00 -1.344e+00]
                 [ 1.787e+01  1.787e+01 ... -1.541e+00 -1.541e+00]
                 [ 7.978e+00  7.990e+00 ...  2.824e+00  2.826e+00]]
 rms_residuals: [ 2.613e-02  2.607e-02 ...  1.565e-01  1.565e-01]
         niter: 1
       message: The maximum number of mesh nodes is exceeded.
       success: False
        status: 1
             x: [ 0.000e+00  3.000e-04 ...  3.000e+00  3.000e+00]
           sol: <scipy.interpolate._interpolate.PPoly object at 0x1178a4b80>
             p: None
             y: [[ 1.000e+00  1.001e+00 ...  7.720e-01  7.716e-01]
                 [ 2.000e+00  2.001e+00 ... -1.412e+00 -1.412e+00]
                 [ 2.394e+00  2.399e+00 ...  4.630e-04  0.000e+00]
                 [-1.988e+01 -1.988e+01 ... -8.134e-04  7.494e-16]]
            yp: [[ 2.000e+00  2.001e+00 ... -1.412e+00 -1.412e+00]
                 [ 3.946e+00  3.942e+00 ... -1.342e+00 -1.343e+00]
                 [ 1.788e+01  1.788e+01 ... -1.543e+00 -1.543e+00]
                 [ 7.970e+00  7.982e+00 ...  2.823e+00  2.825e+00]]
 rms_residuals: [ 2.614e-02  2.608e-02 ...  1.565e-01  1.565e-01]
         niter: 1
       message: The maximum number of mesh nodes is exceeded.
       success: False
        status: 1
             x: [ 0.000e+00  3.000e-04 ...  3.000e+00  3.000e+00]
           sol: <scipy.interpolate._interpolate.PPoly object at 0x1178a4c20>
             p: None
             y: [[ 1.000e+00  1.001e+00 ...  7.728e-01  7.724e-01]
                 [ 2.000e+00  2.001e+00 ... -1.411e+00 -1.412e+00]
                 [ 2.392e+00  2.398e+00 ...  4.635e-04  0.000e+00]
                 [-1.990e+01 -1.989e+01 ... -8.131e-04  1.499e-15]]
            yp: [[ 2.000e+00  2.001e+00 ... -1.411e+00 -1.412e+00]
                 [ 3.951e+00  3.947e+00 ... -1.341e+00 -1.342e+00]
                 [ 1.790e+01  1.789e+01 ... -1.545e+00 -1.545e+00]
                 [ 7.962e+00  7.974e+00 ...  2.822e+00  2.824e+00]]
 rms_residuals: [ 2.614e-02  2.608e-02 ...  1.566e-01  1.566e-01]
         niter: 1
       message: The maximum number of mesh nodes is exceeded.
       success: False
        status: 1
             x: [ 0.000e+00  3.000e-04 ...  3.000e+00  3.000e+00]
           sol: <scipy.interpolate._interpolate.PPoly object at 0x1178a4cc0>
             p: None
             y: [[ 1.000e+00  1.001e+00 ...  7.735e-01  7.731e-01]
                 [ 2.000e+00  2.001e+00 ... -1.411e+00 -1.411e+00]
                 [ 2.391e+00  2.396e+00 ...  4.639e-04  0.000e+00]
                 [-1.991e+01 -1.991e+01 ... -8.129e-04  4.441e-16]]
            yp: [[ 2.000e+00  2.001e+00 ... -1.411e+00 -1.411e+00]
                 [ 3.955e+00  3.952e+00 ... -1.340e+00 -1.341e+00]
                 [ 1.791e+01  1.790e+01 ... -1.546e+00 -1.546e+00]
                 [ 7.955e+00  7.967e+00 ...  2.821e+00  2.823e+00]]
 rms_residuals: [ 2.614e-02  2.609e-02 ...  1.566e-01  1.566e-01]
         niter: 1
       message: The maximum number of mesh nodes is exceeded.
       success: False
        status: 1
             x: [ 0.000e+00  3.000e-04 ...  3.000e+00  3.000e+00]
           sol: <scipy.interpolate._interpolate.PPoly object at 0x1178a4d60>
             p: None
             y: [[ 1.000e+00  1.001e+00 ...  7.742e-01  7.738e-01]
                 [ 2.000e+00  2.001e+00 ... -1.410e+00 -1.411e+00]
                 [ 2.390e+00  2.395e+00 ...  4.643e-04  0.000e+00]
                 [-1.992e+01 -1.992e+01 ... -8.126e-04  9.714e-16]]
            yp: [[ 2.000e+00  2.001e+00 ... -1.410e+00 -1.411e+00]
                 [ 3.960e+00  3.956e+00 ... -1.339e+00 -1.340e+00]
                 [ 1.792e+01  1.792e+01 ... -1.548e+00 -1.548e+00]
                 [ 7.948e+00  7.960e+00 ...  2.820e+00  2.822e+00]]
 rms_residuals: [ 2.615e-02  2.609e-02 ...  1.566e-01  1.566e-01]
         niter: 1
       message: The maximum number of mesh nodes is exceeded.
       success: False
        status: 1
             x: [ 0.000e+00  3.000e-04 ...  3.000e+00  3.000e+00]
           sol: <scipy.interpolate._interpolate.PPoly object at 0x1178a4e00>
             p: None
             y: [[ 1.000e+00  1.001e+00 ...  7.749e-01  7.745e-01]
                 [ 2.000e+00  2.001e+00 ... -1.410e+00 -1.410e+00]
                 [ 2.388e+00  2.394e+00 ...  4.647e-04  0.000e+00]
                 [-1.993e+01 -1.993e+01 ... -8.124e-04 -1.138e-15]]
            yp: [[ 2.000e+00  2.001e+00 ... -1.410e+00 -1.410e+00]
                 [ 3.964e+00  3.960e+00 ... -1.338e+00 -1.339e+00]
                 [ 1.793e+01  1.793e+01 ... -1.549e+00 -1.549e+00]
                 [ 7.942e+00  7.954e+00 ...  2.820e+00  2.821e+00]]
 rms_residuals: [ 2.615e-02  2.610e-02 ...  1.566e-01  1.566e-01]
         niter: 1
       message: The maximum number of mesh nodes is exceeded.
       success: False
        status: 1
             x: [ 0.000e+00  3.000e-04 ...  3.000e+00  3.000e+00]
           sol: <scipy.interpolate._interpolate.PPoly object at 0x1178a4ea0>
             p: None
             y: [[ 1.000e+00  1.001e+00 ...  7.755e-01  7.751e-01]
                 [ 2.000e+00  2.001e+00 ... -1.410e+00 -1.410e+00]
                 [ 2.387e+00  2.393e+00 ...  4.651e-04  0.000e+00]
                 [-1.994e+01 -1.994e+01 ... -8.122e-04 -3.331e-16]]
            yp: [[ 2.000e+00  2.001e+00 ... -1.410e+00 -1.410e+00]
                 [ 3.968e+00  3.964e+00 ... -1.337e+00 -1.338e+00]
                 [ 1.794e+01  1.794e+01 ... -1.550e+00 -1.550e+00]
                 [ 7.936e+00  7.948e+00 ...  2.819e+00  2.820e+00]]
 rms_residuals: [ 2.616e-02  2.610e-02 ...  1.567e-01  1.567e-01]
         niter: 1
       message: The maximum number of mesh nodes is exceeded.
       success: False
        status: 1
             x: [ 0.000e+00  3.000e-04 ...  3.000e+00  3.000e+00]
           sol: <scipy.interpolate._interpolate.PPoly object at 0x1178a4f40>
             p: None
             y: [[ 1.000e+00  1.001e+00 ...  7.760e-01  7.756e-01]
                 [ 2.000e+00  2.001e+00 ... -1.409e+00 -1.410e+00]
                 [ 2.386e+00  2.392e+00 ...  4.654e-04  0.000e+00]
                 [-1.995e+01 -1.995e+01 ... -8.121e-04 -2.387e-15]]
            yp: [[ 2.000e+00  2.001e+00 ... -1.409e+00 -1.410e+00]
                 [ 3.971e+00  3.967e+00 ... -1.336e+00 -1.337e+00]
                 [ 1.795e+01  1.795e+01 ... -1.551e+00 -1.551e+00]
                 [ 7.931e+00  7.943e+00 ...  2.818e+00  2.819e+00]]
 rms_residuals: [ 2.616e-02  2.610e-02 ...  1.567e-01  1.567e-01]
         niter: 1
       message: The maximum number of mesh nodes is exceeded.
       success: False
        status: 1
             x: [ 0.000e+00  3.000e-04 ...  3.000e+00  3.000e+00]
           sol: <scipy.interpolate._interpolate.PPoly object at 0x1178a4130>
             p: None
             y: [[ 1.000e+00  1.001e+00 ...  7.766e-01  7.761e-01]
                 [ 2.000e+00  2.001e+00 ... -1.409e+00 -1.409e+00]
                 [ 2.385e+00  2.391e+00 ...  4.657e-04  0.000e+00]
                 [-1.996e+01 -1.996e+01 ... -8.119e-04  5.551e-16]]
            yp: [[ 2.000e+00  2.001e+00 ... -1.409e+00 -1.409e+00]
                 [ 3.974e+00  3.971e+00 ... -1.336e+00 -1.337e+00]
                 [ 1.796e+01  1.795e+01 ... -1.552e+00 -1.552e+00]
                 [ 7.926e+00  7.938e+00 ...  2.817e+00  2.819e+00]]
 rms_residuals: [ 2.616e-02  2.611e-02 ...  1.567e-01  1.567e-01]
         niter: 1
       message: The maximum number of mesh nodes is exceeded.
       success: False
        status: 1
             x: [ 0.000e+00  3.000e-04 ...  3.000e+00  3.000e+00]
           sol: <scipy.interpolate._interpolate.PPoly object at 0x1178b3090>
             p: None
             y: [[ 1.000e+00  1.001e+00 ...  7.770e-01  7.766e-01]
                 [ 2.000e+00  2.001e+00 ... -1.409e+00 -1.409e+00]
                 [ 2.384e+00  2.390e+00 ...  4.660e-04  0.000e+00]
                 [-1.997e+01 -1.996e+01 ... -8.117e-04  3.886e-16]]
            yp: [[ 2.000e+00  2.001e+00 ... -1.409e+00 -1.409e+00]
                 [ 3.977e+00  3.974e+00 ... -1.335e+00 -1.336e+00]
                 [ 1.797e+01  1.796e+01 ... -1.553e+00 -1.553e+00]
                 [ 7.921e+00  7.933e+00 ...  2.817e+00  2.818e+00]]
 rms_residuals: [ 2.617e-02  2.611e-02 ...  1.567e-01  1.567e-01]
         niter: 1
       message: The maximum number of mesh nodes is exceeded.
       success: False
        status: 1
             x: [ 0.000e+00  3.000e-04 ...  3.000e+00  3.000e+00]
           sol: <scipy.interpolate._interpolate.PPoly object at 0x1178b3180>
             p: None
             y: [[ 1.000e+00  1.001e+00 ...  7.775e-01  7.771e-01]
                 [ 2.000e+00  2.001e+00 ... -1.408e+00 -1.409e+00]
                 [ 2.383e+00  2.389e+00 ...  4.663e-04  0.000e+00]
                 [-1.997e+01 -1.997e+01 ... -8.116e-04  1.499e-15]]
            yp: [[ 2.000e+00  2.001e+00 ... -1.408e+00 -1.409e+00]
                 [ 3.980e+00  3.977e+00 ... -1.334e+00 -1.335e+00]
                 [ 1.797e+01  1.797e+01 ... -1.554e+00 -1.554e+00]
                 [ 7.917e+00  7.929e+00 ...  2.816e+00  2.817e+00]]
 rms_residuals: [ 2.617e-02  2.611e-02 ...  1.567e-01  1.567e-01]
         niter: 1
       message: The maximum number of mesh nodes is exceeded.
       success: False
        status: 1
             x: [ 0.000e+00  3.000e-04 ...  3.000e+00  3.000e+00]
           sol: <scipy.interpolate._interpolate.PPoly object at 0x1178b3220>
             p: None
             y: [[ 1.000e+00  1.001e+00 ...  7.779e-01  7.775e-01]
                 [ 2.000e+00  2.001e+00 ... -1.408e+00 -1.408e+00]
                 [ 2.383e+00  2.388e+00 ...  4.665e-04  0.000e+00]
                 [-1.998e+01 -1.998e+01 ... -8.114e-04 -1.305e-15]]
            yp: [[ 2.000e+00  2.001e+00 ... -1.408e+00 -1.408e+00]
                 [ 3.983e+00  3.979e+00 ... -1.334e+00 -1.335e+00]
                 [ 1.798e+01  1.798e+01 ... -1.555e+00 -1.555e+00]
                 [ 7.913e+00  7.925e+00 ...  2.816e+00  2.817e+00]]
 rms_residuals: [ 2.617e-02  2.612e-02 ...  1.568e-01  1.568e-01]
         niter: 1
       message: The maximum number of mesh nodes is exceeded.
       success: False
        status: 1
             x: [ 0.000e+00  3.000e-04 ...  3.000e+00  3.000e+00]
           sol: <scipy.interpolate._interpolate.PPoly object at 0x1178b32c0>
             p: None
             y: [[ 1.000e+00  1.001e+00 ...  7.783e-01  7.779e-01]
                 [ 2.000e+00  2.001e+00 ... -1.408e+00 -1.408e+00]
                 [ 2.382e+00  2.387e+00 ...  4.668e-04  0.000e+00]
                 [-1.999e+01 -1.998e+01 ... -8.113e-04 -7.216e-16]]
            yp: [[ 2.000e+00  2.001e+00 ... -1.408e+00 -1.408e+00]
                 [ 3.985e+00  3.982e+00 ... -1.333e+00 -1.334e+00]
                 [ 1.799e+01  1.798e+01 ... -1.556e+00 -1.556e+00]
                 [ 7.909e+00  7.921e+00 ...  2.815e+00  2.816e+00]]
 rms_residuals: [ 2.618e-02  2.612e-02 ...  1.568e-01  1.568e-01]
         niter: 1
       message: The maximum number of mesh nodes is exceeded.
       success: False
        status: 1
             x: [ 0.000e+00  3.000e-04 ...  3.000e+00  3.000e+00]
           sol: <scipy.interpolate._interpolate.PPoly object at 0x1178b3360>
             p: None
             y: [[ 1.000e+00  1.001e+00 ...  7.787e-01  7.783e-01]
                 [ 2.000e+00  2.001e+00 ... -1.407e+00 -1.408e+00]
                 [ 2.381e+00  2.387e+00 ...  4.670e-04  0.000e+00]
                 [-1.999e+01 -1.999e+01 ... -8.112e-04 -2.831e-15]]
            yp: [[ 2.000e+00  2.001e+00 ... -1.407e+00 -1.408e+00]
                 [ 3.988e+00  3.984e+00 ... -1.333e+00 -1.333e+00]
                 [ 1.799e+01  1.799e+01 ... -1.557e+00 -1.557e+00]
                 [ 7.906e+00  7.918e+00 ...  2.815e+00  2.816e+00]]
 rms_residuals: [ 2.618e-02  2.612e-02 ...  1.568e-01  1.568e-01]
         niter: 1
       message: The maximum number of mesh nodes is exceeded.
       success: False
        status: 1
             x: [ 0.000e+00  3.000e-04 ...  3.000e+00  3.000e+00]
           sol: <scipy.interpolate._interpolate.PPoly object at 0x1178b3400>
             p: None
             y: [[ 1.000e+00  1.001e+00 ...  7.790e-01  7.786e-01]
                 [ 2.000e+00  2.001e+00 ... -1.407e+00 -1.408e+00]
                 [ 2.380e+00  2.386e+00 ...  4.672e-04  0.000e+00]
                 [-2.000e+01 -2.000e+01 ... -8.111e-04  1.388e-15]]
            yp: [[ 2.000e+00  2.001e+00 ... -1.407e+00 -1.408e+00]
                 [ 3.990e+00  3.986e+00 ... -1.332e+00 -1.333e+00]
                 [ 1.800e+01  1.799e+01 ... -1.557e+00 -1.557e+00]
                 [ 7.902e+00  7.915e+00 ...  2.814e+00  2.815e+00]]
 rms_residuals: [ 2.618e-02  2.613e-02 ...  1.568e-01  1.568e-01]
         niter: 1
       message: The maximum number of mesh nodes is exceeded.
       success: False
        status: 1
             x: [ 0.000e+00  3.000e-04 ...  3.000e+00  3.000e+00]
           sol: <scipy.interpolate._interpolate.PPoly object at 0x1178b34f0>
             p: None
             y: [[ 1.000e+00  1.001e+00 ...  7.793e-01  7.789e-01]
                 [ 2.000e+00  2.001e+00 ... -1.407e+00 -1.408e+00]
                 [ 2.380e+00  2.385e+00 ...  4.674e-04  0.000e+00]
                 [-2.000e+01 -2.000e+01 ... -8.110e-04 -2.914e-16]]
            yp: [[ 2.000e+00  2.001e+00 ... -1.407e+00 -1.408e+00]
                 [ 3.992e+00  3.988e+00 ... -1.332e+00 -1.332e+00]
                 [ 1.800e+01  1.800e+01 ... -1.558e+00 -1.558e+00]
                 [ 7.899e+00  7.912e+00 ...  2.814e+00  2.815e+00]]
 rms_residuals: [ 2.618e-02  2.613e-02 ...  1.568e-01  1.568e-01]
         niter: 1
       message: The maximum number of mesh nodes is exceeded.
       success: False
        status: 1
             x: [ 0.000e+00  3.000e-04 ...  3.000e+00  3.000e+00]
           sol: <scipy.interpolate._interpolate.PPoly object at 0x1178b3590>
             p: None
             y: [[ 1.000e+00  1.001e+00 ...  7.796e-01  7.792e-01]
                 [ 2.000e+00  2.001e+00 ... -1.407e+00 -1.407e+00]
                 [ 2.379e+00  2.385e+00 ...  4.676e-04  0.000e+00]
                 [-2.001e+01 -2.001e+01 ... -8.109e-04 -1.332e-15]]
            yp: [[ 2.000e+00  2.001e+00 ... -1.407e+00 -1.407e+00]
                 [ 3.993e+00  3.990e+00 ... -1.331e+00 -1.332e+00]
                 [ 1.801e+01  1.800e+01 ... -1.558e+00 -1.558e+00]
                 [ 7.897e+00  7.909e+00 ...  2.813e+00  2.815e+00]]
 rms_residuals: [ 2.619e-02  2.613e-02 ...  1.568e-01  1.568e-01]
         niter: 1
       message: The maximum number of mesh nodes is exceeded.
       success: False
        status: 1
             x: [ 0.000e+00  3.000e-04 ...  3.000e+00  3.000e+00]
           sol: <scipy.interpolate._interpolate.PPoly object at 0x1178b3630>
             p: None
             y: [[ 1.000e+00  1.001e+00 ...  7.799e-01  7.795e-01]
                 [ 2.000e+00  2.001e+00 ... -1.407e+00 -1.407e+00]
                 [ 2.379e+00  2.384e+00 ...  4.677e-04  0.000e+00]
                 [-2.001e+01 -2.001e+01 ... -8.108e-04 -2.776e-16]]
            yp: [[ 2.000e+00  2.001e+00 ... -1.407e+00 -1.407e+00]
                 [ 3.995e+00  3.992e+00 ... -1.331e+00 -1.332e+00]
                 [ 1.801e+01  1.801e+01 ... -1.559e+00 -1.559e+00]
                 [ 7.894e+00  7.906e+00 ...  2.813e+00  2.814e+00]]
 rms_residuals: [ 2.619e-02  2.613e-02 ...  1.568e-01  1.568e-01]
         niter: 1
       message: The maximum number of mesh nodes is exceeded.
       success: False
        status: 1
             x: [ 0.000e+00  3.000e-04 ...  3.000e+00  3.000e+00]
           sol: <scipy.interpolate._interpolate.PPoly object at 0x1178b36d0>
             p: None
             y: [[ 1.000e+00  1.001e+00 ...  7.802e-01  7.797e-01]
                 [ 2.000e+00  2.001e+00 ... -1.406e+00 -1.407e+00]
                 [ 2.378e+00  2.384e+00 ...  4.679e-04  0.000e+00]
                 [-2.002e+01 -2.001e+01 ... -8.107e-04 -1.082e-15]]
            yp: [[ 2.000e+00  2.001e+00 ... -1.406e+00 -1.407e+00]
                 [ 3.997e+00  3.993e+00 ... -1.330e+00 -1.331e+00]
                 [ 1.802e+01  1.801e+01 ... -1.560e+00 -1.559e+00]
                 [ 7.892e+00  7.904e+00 ...  2.813e+00  2.814e+00]]
 rms_residuals: [ 2.619e-02  2.613e-02 ...  1.568e-01  1.568e-01]
         niter: 1
       message: The maximum number of mesh nodes is exceeded.
       success: False
        status: 1
             x: [ 0.000e+00  3.000e-04 ...  3.000e+00  3.000e+00]
           sol: <scipy.interpolate._interpolate.PPoly object at 0x1178b3770>
             p: None
             y: [[ 1.000e+00  1.001e+00 ...  7.804e-01  7.800e-01]
                 [ 2.000e+00  2.001e+00 ... -1.406e+00 -1.407e+00]
                 [ 2.378e+00  2.383e+00 ...  4.680e-04  0.000e+00]
                 [-2.002e+01 -2.002e+01 ... -8.106e-04  1.305e-15]]
            yp: [[ 2.000e+00  2.001e+00 ... -1.406e+00 -1.407e+00]
                 [ 3.998e+00  3.995e+00 ... -1.330e+00 -1.331e+00]
                 [ 1.802e+01  1.802e+01 ... -1.560e+00 -1.560e+00]
                 [ 7.889e+00  7.901e+00 ...  2.812e+00  2.814e+00]]
 rms_residuals: [ 2.619e-02  2.614e-02 ...  1.569e-01  1.569e-01]
         niter: 1
       message: The maximum number of mesh nodes is exceeded.
       success: False
        status: 1
             x: [ 0.000e+00  3.000e-04 ...  3.000e+00  3.000e+00]
           sol: <scipy.interpolate._interpolate.PPoly object at 0x1178b3810>
             p: None
             y: [[ 1.000e+00  1.001e+00 ...  7.806e-01  7.802e-01]
                 [ 2.000e+00  2.001e+00 ... -1.406e+00 -1.407e+00]
                 [ 2.377e+00  2.383e+00 ...  4.682e-04  0.000e+00]
                 [-2.002e+01 -2.002e+01 ... -8.106e-04  1.471e-15]]
            yp: [[ 2.000e+00  2.001e+00 ... -1.406e+00 -1.407e+00]
                 [ 4.000e+00  3.996e+00 ... -1.330e+00 -1.331e+00]
                 [ 1.802e+01  1.802e+01 ... -1.560e+00 -1.560e+00]
                 [ 7.887e+00  7.899e+00 ...  2.812e+00  2.813e+00]]
 rms_residuals: [ 2.619e-02  2.614e-02 ...  1.569e-01  1.569e-01]
         niter: 1
       message: The maximum number of mesh nodes is exceeded.
       success: False
        status: 1
             x: [ 0.000e+00  3.000e-04 ...  3.000e+00  3.000e+00]
           sol: <scipy.interpolate._interpolate.PPoly object at 0x1178b30e0>
             p: None
             y: [[ 1.000e+00  1.001e+00 ...  7.808e-01  7.804e-01]
                 [ 2.000e+00  2.001e+00 ... -1.406e+00 -1.407e+00]
                 [ 2.377e+00  2.382e+00 ...  4.683e-04  0.000e+00]
                 [-2.003e+01 -2.003e+01 ... -8.105e-04  2.248e-15]]
            yp: [[ 2.000e+00  2.001e+00 ... -1.406e+00 -1.407e+00]
                 [ 4.001e+00  3.997e+00 ... -1.329e+00 -1.330e+00]
                 [ 1.803e+01  1.802e+01 ... -1.561e+00 -1.561e+00]
                 [ 7.885e+00  7.897e+00 ...  2.812e+00  2.813e+00]]
 rms_residuals: [ 2.620e-02  2.614e-02 ...  1.569e-01  1.569e-01]
         niter: 1
       message: The maximum number of mesh nodes is exceeded.
       success: False
        status: 1
             x: [ 0.000e+00  3.000e-04 ...  3.000e+00  3.000e+00]
           sol: <scipy.interpolate._interpolate.PPoly object at 0x1178b39a0>
             p: None
             y: [[ 1.000e+00  1.001e+00 ...  7.810e-01  7.806e-01]
                 [ 2.000e+00  2.001e+00 ... -1.406e+00 -1.406e+00]
                 [ 2.377e+00  2.382e+00 ...  4.684e-04  0.000e+00]
                 [-2.003e+01 -2.003e+01 ... -8.104e-04 -6.106e-16]]
            yp: [[ 2.000e+00  2.001e+00 ... -1.406e+00 -1.406e+00]
                 [ 4.002e+00  3.999e+00 ... -1.329e+00 -1.330e+00]
                 [ 1.803e+01  1.803e+01 ... -1.561e+00 -1.561e+00]
                 [ 7.883e+00  7.896e+00 ...  2.812e+00  2.813e+00]]
 rms_residuals: [ 2.620e-02  2.614e-02 ...  1.569e-01  1.569e-01]
         niter: 1
       message: The maximum number of mesh nodes is exceeded.
       success: False
        status: 1
             x: [ 0.000e+00  3.000e-04 ...  3.000e+00  3.000e+00]
           sol: <scipy.interpolate._interpolate.PPoly object at 0x1178b3a40>
             p: None
             y: [[ 1.000e+00  1.001e+00 ...  7.812e-01  7.808e-01]
                 [ 2.000e+00  2.001e+00 ... -1.406e+00 -1.406e+00]
                 [ 2.376e+00  2.382e+00 ...  4.685e-04  0.000e+00]
                 [-2.003e+01 -2.003e+01 ... -8.104e-04 -1.166e-15]]
            yp: [[ 2.000e+00  2.001e+00 ... -1.406e+00 -1.406e+00]
                 [ 4.003e+00  4.000e+00 ... -1.329e+00 -1.330e+00]
                 [ 1.803e+01  1.803e+01 ... -1.562e+00 -1.562e+00]
                 [ 7.882e+00  7.894e+00 ...  2.811e+00  2.813e+00]]
 rms_residuals: [ 2.620e-02  2.614e-02 ...  1.569e-01  1.569e-01]
         niter: 1
       message: The maximum number of mesh nodes is exceeded.
       success: False
        status: 1
             x: [ 0.000e+00  3.000e-04 ...  3.000e+00  3.000e+00]
           sol: <scipy.interpolate._interpolate.PPoly object at 0x1178b3ae0>
             p: None
             y: [[ 1.000e+00  1.001e+00 ...  7.814e-01  7.809e-01]
                 [ 2.000e+00  2.001e+00 ... -1.406e+00 -1.406e+00]
                 [ 2.376e+00  2.381e+00 ...  4.686e-04  0.000e+00]
                 [-2.004e+01 -2.003e+01 ... -8.103e-04  5.551e-17]]
            yp: [[ 2.000e+00  2.001e+00 ... -1.406e+00 -1.406e+00]
                 [ 4.004e+00  4.001e+00 ... -1.329e+00 -1.330e+00]
                 [ 1.804e+01  1.803e+01 ... -1.562e+00 -1.562e+00]
                 [ 7.880e+00  7.892e+00 ...  2.811e+00  2.812e+00]]
 rms_residuals: [ 2.620e-02  2.614e-02 ...  1.569e-01  1.569e-01]
         niter: 1
       message: The maximum number of mesh nodes is exceeded.
       success: False
        status: 1
             x: [ 0.000e+00  3.000e-04 ...  3.000e+00  3.000e+00]
           sol: <scipy.interpolate._interpolate.PPoly object at 0x1178b3b80>
             p: None
             y: [[ 1.000e+00  1.001e+00 ...  7.815e-01  7.811e-01]
                 [ 2.000e+00  2.001e+00 ... -1.406e+00 -1.406e+00]
                 [ 2.376e+00  2.381e+00 ...  4.687e-04  0.000e+00]
                 [-2.004e+01 -2.004e+01 ... -8.103e-04 -2.942e-15]]
            yp: [[ 2.000e+00  2.001e+00 ... -1.406e+00 -1.406e+00]
                 [ 4.005e+00  4.002e+00 ... -1.328e+00 -1.329e+00]
                 [ 1.804e+01  1.804e+01 ... -1.562e+00 -1.562e+00]
                 [ 7.879e+00  7.891e+00 ...  2.811e+00  2.812e+00]]
 rms_residuals: [ 2.620e-02  2.615e-02 ...  1.569e-01  1.569e-01]
         niter: 1
       message: The maximum number of mesh nodes is exceeded.
       success: False
        status: 1
             x: [ 0.000e+00  3.000e-04 ...  3.000e+00  3.000e+00]
           sol: <scipy.interpolate._interpolate.PPoly object at 0x1178b3c20>
             p: None
             y: [[ 1.000e+00  1.001e+00 ...  7.817e-01  7.812e-01]
                 [ 2.000e+00  2.001e+00 ... -1.406e+00 -1.406e+00]
                 [ 2.375e+00  2.381e+00 ...  4.688e-04  0.000e+00]
                 [-2.004e+01 -2.004e+01 ... -8.102e-04 -8.604e-16]]
            yp: [[ 2.000e+00  2.001e+00 ... -1.406e+00 -1.406e+00]
                 [ 4.006e+00  4.003e+00 ... -1.328e+00 -1.329e+00]
                 [ 1.804e+01  1.804e+01 ... -1.563e+00 -1.562e+00]
                 [ 7.877e+00  7.889e+00 ...  2.811e+00  2.812e+00]]
 rms_residuals: [ 2.620e-02  2.615e-02 ...  1.569e-01  1.569e-01]
         niter: 1
       message: The maximum number of mesh nodes is exceeded.
       success: False
        status: 1
             x: [ 0.000e+00  3.000e-04 ...  3.000e+00  3.000e+00]
           sol: <scipy.interpolate._interpolate.PPoly object at 0x1178b3cc0>
             p: None
             y: [[ 1.000e+00  1.001e+00 ...  7.818e-01  7.814e-01]
                 [ 2.000e+00  2.001e+00 ... -1.405e+00 -1.406e+00]
                 [ 2.375e+00  2.381e+00 ...  4.689e-04  0.000e+00]
                 [-2.004e+01 -2.004e+01 ... -8.102e-04 -6.384e-16]]
            yp: [[ 2.000e+00  2.001e+00 ... -1.405e+00 -1.406e+00]
                 [ 4.007e+00  4.003e+00 ... -1.328e+00 -1.329e+00]
                 [ 1.804e+01  1.804e+01 ... -1.563e+00 -1.563e+00]
                 [ 7.876e+00  7.888e+00 ...  2.811e+00  2.812e+00]]
 rms_residuals: [ 2.620e-02  2.615e-02 ...  1.569e-01  1.569e-01]
         niter: 1
       message: The maximum number of mesh nodes is exceeded.
       success: False
        status: 1
             x: [ 0.000e+00  3.000e-04 ...  3.000e+00  3.000e+00]
           sol: <scipy.interpolate._interpolate.PPoly object at 0x1178b3d60>
             p: None
             y: [[ 1.000e+00  1.001e+00 ...  7.819e-01  7.815e-01]
                 [ 2.000e+00  2.001e+00 ... -1.405e+00 -1.406e+00]
                 [ 2.375e+00  2.380e+00 ...  4.690e-04  0.000e+00]
                 [-2.005e+01 -2.004e+01 ... -8.101e-04 -2.165e-15]]
            yp: [[ 2.000e+00  2.001e+00 ... -1.405e+00 -1.406e+00]
                 [ 4.008e+00  4.004e+00 ... -1.328e+00 -1.329e+00]
                 [ 1.805e+01  1.804e+01 ... -1.563e+00 -1.563e+00]
                 [ 7.875e+00  7.887e+00 ...  2.810e+00  2.812e+00]]
 rms_residuals: [ 2.621e-02  2.615e-02 ...  1.569e-01  1.569e-01]
         niter: 1
       message: The maximum number of mesh nodes is exceeded.
       success: False
        status: 1
             x: [ 0.000e+00  3.000e-04 ...  3.000e+00  3.000e+00]
           sol: <scipy.interpolate._interpolate.PPoly object at 0x1178b3e00>
             p: None
             y: [[ 1.000e+00  1.001e+00 ...  7.820e-01  7.816e-01]
                 [ 2.000e+00  2.001e+00 ... -1.405e+00 -1.406e+00]
                 [ 2.375e+00  2.380e+00 ...  4.690e-04  0.000e+00]
                 [-2.005e+01 -2.004e+01 ... -8.101e-04 -3.303e-15]]
            yp: [[ 2.000e+00  2.001e+00 ... -1.405e+00 -1.406e+00]
                 [ 4.008e+00  4.005e+00 ... -1.328e+00 -1.329e+00]
                 [ 1.805e+01  1.804e+01 ... -1.563e+00 -1.563e+00]
                 [ 7.874e+00  7.886e+00 ...  2.810e+00  2.812e+00]]
 rms_residuals: [ 2.621e-02  2.615e-02 ...  1.569e-01  1.569e-01]
         niter: 1
