{'sol': <scipy.interpolate._interpolate.PPoly object at 0x7fd6905dab30>, 'p': None, 'x': array([0.00000000e+00, 3.00030003e-04, 6.00060006e-04, ...,
       2.99939994e+00, 2.99969997e+00, 3.00000000e+00]), 'y': array([[ 1.00000000e+00,  1.00060002e+00,  1.00119994e+00, ...,
        -7.64073504e-01, -7.64870272e-01, -7.65667077e-01],
       [ 2.00000000e+00,  1.99970411e+00,  1.99940733e+00, ...,
        -2.65556583e+00, -2.65568889e+00, -2.65581086e+00],
       [-5.43899383e-01, -5.46425990e-01, -5.48952353e-01, ...,
        -9.18892197e-04, -4.59446168e-04,  0.00000000e+00],
       [ 6.42159140e+00,  6.41957455e+00,  6.41755610e+00, ...,
        -3.18622574e-03, -1.59337914e-03,  6.44333423e-16]]), 'yp': array([[ 2.        ,  1.99970411,  1.99940733, ..., -2.65556583,
        -2.65568889, -2.65581086],
       [-0.98468663, -0.98769185, -0.99069736, ..., -0.34115882,
        -0.33717411, -0.3331851 ],
       [-8.4215914 , -8.42077458, -8.41995598, ...,  1.53133323,
         1.53133392,  1.53133415],
       [-6.71949691, -6.72482008, -6.73014915, ...,  5.30780989,
         5.30971303,  5.31162173]]), 'rms_residuals': array([6.94406524e-07, 6.93914686e-07, 6.93431558e-07, ...,
       5.75852471e-02, 5.80677284e-02, 5.85547426e-02]), 'niter': 1, 'status': 1, 'message': 'The maximum number of mesh nodes is exceeded.', 'success': False}
       message: 'The maximum number of mesh nodes is exceeded.'
         niter: 1
             p: None
 rms_residuals: array([1.21177265e-05, 1.21123079e-05, 1.21084578e-05, ...,
       3.96158155e-01, 3.96373623e-01, 3.96589292e-01])
           sol: <scipy.interpolate._interpolate.PPoly object at 0x7fd6c1ef0a90>
        status: 1
       success: False
             x: array([0.00000000e+00, 3.00030003e-04, 6.00060006e-04, ...,
       2.99939994e+00, 2.99969997e+00, 3.00000000e+00])
             y: array([[ 1.00000000e+00,  1.00060000e+00,  1.00119988e+00, ...,
        -2.43739775e-01, -2.44454451e-01, -2.45169403e-01],
       [ 2.00000000e+00,  1.99960687e+00,  1.99921286e+00, ...,
        -2.38155134e+00, -2.38247539e+00, -2.38339937e+00],
       [ 8.13603021e-01,  8.12675902e-01,  8.11748417e-01, ...,
        -2.94233060e-04, -1.47116398e-04,  0.00000000e+00],
       [ 1.08947754e+00,  1.08949776e+00,  1.08951762e+00, ...,
        -2.86101697e-03, -1.43034552e-03, -5.71380421e-15]])
            yp: array([[ 2.        ,  1.99960687,  1.99921286, ..., -2.38155134,
        -2.38247539, -2.38339937],
       [-1.30882887, -1.31173211, -1.31463517, ..., -1.99617282,
        -1.99557252, -1.99496851],
       [-3.08947754, -3.09069777, -3.09191738, ...,  0.49034057,
         0.49033925,  0.49033881],
       [ 0.0680151 ,  0.06678463,  0.06554908, ...,  4.76515791,
         4.76597717,  4.76679874]])
       message: 'The maximum number of mesh nodes is exceeded.'
         niter: 1
             p: None
 rms_residuals: array([9.59820263e-06, 9.59606128e-06, 9.59396759e-06, ...,
       4.64207586e-01, 4.64493028e-01, 4.64778585e-01])
           sol: <scipy.interpolate._interpolate.PPoly object at 0x7fd6905daa40>
        status: 1
       success: False
             x: array([0.00000000e+00, 3.00030003e-04, 6.00060006e-04, ...,
       2.99939994e+00, 2.99969997e+00, 3.00000000e+00])
             y: array([[ 1.00000000e+00,  1.00060000e+00,  1.00119989e+00, ...,
         8.17180953e-02,  8.11334731e-02,  8.05485542e-02],
       [ 2.00000000e+00,  1.99960905e+00,  1.99921723e+00, ...,
        -1.94805133e+00, -1.94904022e+00, -1.95002966e+00],
       [ 2.21965752e+00,  2.22027552e+00,  2.22089252e+00, ...,
         9.66675244e-05,  4.83339150e-05,  0.00000000e+00],
       [-4.06146554e+00, -4.05933545e+00, -4.05720459e+00, ...,
        -2.34111857e-03, -1.17034712e-03, -2.35853577e-15]])
            yp: array([[ 2.        ,  1.99960905,  1.99921723, ..., -1.94805133,
        -1.94904022, -1.95002966],
       [-1.30153697, -1.30446063, -1.30738411, ..., -2.0164952 ,
        -2.01721114, -2.01792628],
       [ 2.06146554,  2.05813545,  2.05480482, ..., -0.16109507,
        -0.1610966 , -0.16109711],
       [ 7.09828758,  7.10087842,  7.10346414, ...,  3.89849403,
         3.89927613,  3.90005931]])
       message: 'The maximum number of mesh nodes is exceeded.'
         niter: 1
             p: None
 rms_residuals: array([0.13039598, 0.13054181, 0.13068811, ..., 0.29246879, 0.29254292,
       0.29261706])
           sol: <scipy.interpolate._interpolate.PPoly object at 0x7fd6905dab80>
        status: 1
       success: False
             x: array([0.00000000e+00, 3.00030003e-04, 6.00060006e-04, ...,
       2.99939994e+00, 2.99969997e+00, 3.00000000e+00])
             y: array([[ 1.        ,  1.00056251,  1.00112494, ..., -0.02531556,
        -0.02580599, -0.02629653],
       [ 1.9375    ,  1.93720759,  1.93691436, ..., -1.57190671,
        -1.57227819, -1.5726496 ],
       [ 1.65081035,  1.65108162,  1.65135218, ...,  0.06239357,
         0.06244675,  0.0625    ],
       [-2.71779696, -2.71658796, -2.71537852, ...,  0.06097667,
         0.06173832,  0.0625    ]])
            yp: array([[ 1.9375    ,  1.93720759,  1.93691436, ..., -1.57190671,
        -1.57227819, -1.5726496 ],
       [-1.0381563 , -1.04094406, -1.04373192, ..., -1.54525435,
        -1.54526046, -1.54526558],
       [ 0.71779696,  0.71546294,  0.71312865, ..., -0.01034555,
        -0.01012634, -0.00990695],
       [ 4.17270046,  4.1741834 ,  4.17566256, ...,  3.15023514,
         3.15037339,  3.15051183]])
       message: 'The maximum number of mesh nodes is exceeded.'
         niter: 1
             p: None
 rms_residuals: array([0.0335371 , 0.03353959, 0.03354206, ..., 0.05735456, 0.0573203 ,
       0.05719574])
           sol: <scipy.interpolate._interpolate.PPoly object at 0x7fd6905da900>
        status: 1
       success: False
             x: array([0.00000000e+00, 3.00030003e-04, 6.00060006e-04, ...,
       2.99939994e+00, 2.99969997e+00, 3.00000000e+00])
             y: array([[ 1.00000000e+00,  1.00060002e+00,  1.00119996e+00, ...,
         2.19192222e-01,  2.18681469e-01,  2.18170537e-01],
       [ 2.00000000e+00,  1.99973113e+00,  1.99946134e+00, ...,
        -1.70204483e+00, -1.70263813e+00, -1.70323141e+00],
       [ 2.48795724e+00,  2.48907074e+00,  2.49018316e+00, ...,
         2.61848176e-04,  1.30919769e-04,  0.00000000e+00],
       [-5.71314269e+00, -5.71069665e+00, -5.70824948e+00, ...,
        -1.98579312e-03, -9.92890540e-04,  2.22044605e-15]])
            yp: array([[ 2.        ,  1.99973113,  1.99946134, ..., -1.70204483,
        -1.70263813, -1.70323141],
       [-0.89463519, -0.89773232, -0.90082983, ..., -1.84224723,
        -1.84285191, -1.84033089],
       [ 3.71314269,  3.70949661,  3.70584956, ..., -0.43639865,
        -0.43637005, -0.43634107],
       [ 8.43978618,  8.44367103,  8.44755208, ...,  3.40604652,
         3.4062551 ,  3.40646282]])
       message: 'The maximum number of mesh nodes is exceeded.'
         niter: 1
             p: None
 rms_residuals: array([0.03332834, 0.03332841, 0.0333285 , ..., 0.07212793, 0.07210917,
       0.0720149 ])
           sol: <scipy.interpolate._interpolate.PPoly object at 0x7fd6905dabd0>
        status: 1
       success: False
             x: array([0.00000000e+00, 3.00030003e-04, 6.00060006e-04, ...,
       2.99939994e+00, 2.99969997e+00, 3.00000000e+00])
             y: array([[ 1.00000000e+00,  1.00060003e+00,  1.00120001e+00, ...,
         3.00015424e-01,  2.99527796e-01,  2.99039993e-01],
       [ 2.00000000e+00,  1.99981051e+00,  1.99962006e+00, ...,
        -1.62497081e+00, -1.62555604e+00, -1.62614132e+00],
       [ 2.72688303e+00,  2.72839607e+00,  2.72990791e+00, ...,
         3.58902911e-04,  1.79446716e-04,  0.00000000e+00],
       [-7.04496214e+00, -7.04216787e+00, -7.03937215e+00, ...,
        -1.88767503e-03, -9.43830837e-04, -1.94289029e-15]])
            yp: array([[ 2.        ,  1.99981051,  1.99962006, ..., -1.62497081,
        -1.62555604, -1.62614132],
       [-0.63005102, -0.63325128, -0.63645228, ..., -1.78085278,
        -1.78155847, -1.77976376],
       [ 5.04496214,  5.04096781,  5.03697214, ..., -0.59814317,
        -0.59811176, -0.59807999],
       [ 9.63441514,  9.63941961,  9.64442146, ...,  3.25166835,
         3.25197593,  3.25228265]])
       message: 'The maximum number of mesh nodes is exceeded.'
         niter: 1
             p: None
 rms_residuals: array([0.03320627, 0.03320427, 0.03320227, ..., 0.08405458, 0.08404793,
       0.08397932])
           sol: <scipy.interpolate._interpolate.PPoly object at 0x7fd6905daef0>
        status: 1
       success: False
             x: array([0.00000000e+00, 3.00030003e-04, 6.00060006e-04, ...,
       2.99939994e+00, 2.99969997e+00, 3.00000000e+00])
             y: array([[ 1.00000000e+00,  1.00060004e+00,  1.00120006e+00, ...,
         3.53099068e-01,  3.52623895e-01,  3.52148549e-01],
       [ 2.00000000e+00,  1.99989399e+00,  1.99978699e+00, ...,
        -1.58345856e+00, -1.58403991e+00, -1.58462137e+00],
       [ 2.86565381e+00,  2.86747724e+00,  2.86929941e+00, ...,
         4.22640941e-04,  2.11315384e-04,  0.00000000e+00],
       [-8.07959554e+00, -8.07659892e+00, -8.07360057e+00, ...,
        -1.83321664e-03, -9.16601759e-04,  4.05231404e-15]])
            yp: array([[ 2.        ,  1.99989399,  1.99978699, ..., -1.58345856,
        -1.58403991, -1.58462137],
       [-0.35179271, -0.35509292, -0.35839427, ..., -1.74074246,
        -1.74150296, -1.74026324],
       [ 6.07959554,  6.07539883,  6.07120046, ..., -0.70436492,
        -0.70433119, -0.7042971 ],
       [10.32826905, 10.33417681, 10.34008336, ...,  3.1684718 ,
         3.16885769,  3.16924273]])
       message: 'The maximum number of mesh nodes is exceeded.'
         niter: 1
             p: None
 rms_residuals: array([0.03308994, 0.03308585, 0.0330818 , ..., 0.09411914, 0.09412251,
       0.09407549])
           sol: <scipy.interpolate._interpolate.PPoly object at 0x7fd6905da9a0>
        status: 1
       success: False
             x: array([0.00000000e+00, 3.00030003e-04, 6.00060006e-04, ...,
       2.99939994e+00, 2.99969997e+00, 3.00000000e+00])
             y: array([[ 1.00000000e+00,  1.00060006e+00,  1.00120011e+00, ...,
         3.90463643e-01,  3.89995298e-01,  3.89526778e-01],
       [ 2.00000000e+00,  1.99997629e+00,  1.99995158e+00, ...,
        -1.56070463e+00, -1.56128491e+00, -1.56186535e+00],
       [ 2.94756607e+00,  2.94964856e+00,  2.95172975e+00, ...,
         4.67500548e-04,  2.33744875e-04,  0.00000000e+00],
       [-8.94308303e+00, -8.93996676e+00, -8.93684855e+00, ...,
        -1.80175753e-03, -9.00872221e-04,  1.38777878e-15]])
            yp: array([[ 2.        ,  1.99997629,  1.99995158, ..., -1.56070463,
        -1.56128491, -1.56186535],
       [-0.07745439, -0.08084471, -0.08423656, ..., -1.71441571,
        -1.71521219, -1.71440856],
       [ 6.94308303,  6.93876665,  6.93444834, ..., -0.77912553,
        -0.77908972, -0.77905356],
       [10.73783036, 10.74449791, 10.75116574, ...,  3.12283402,
         3.12328277,  3.12373069]])
       message: 'The maximum number of mesh nodes is exceeded.'
         niter: 1
             p: None
 rms_residuals: array([0.00011405, 0.00011444, 0.00011484, ..., 0.00162307, 0.00162525,
       0.0015859 ])
           sol: <scipy.interpolate._interpolate.PPoly object at 0x7fd6905dae00>
        status: 1
       success: False
             x: array([0.00000000e+00, 3.00030003e-04, 6.00060006e-04, ...,
       2.99939994e+00, 2.99969997e+00, 3.00000000e+00])
             y: array([[ 1.00000000e+00,  1.00060007e+00,  1.00120015e+00, ...,
         4.62427416e-01,  4.62006356e-01,  4.61585154e-01],
       [ 2.00000000e+00,  2.00005509e+00,  2.00010914e+00, ...,
        -1.40315918e+00, -1.40363037e+00, -1.40410171e+00],
       [ 3.20207712e+00,  3.20465642e+00,  3.20723428e+00, ...,
         5.53957510e-04,  2.76978781e-04,  0.00000000e+00],
       [-1.05992238e+01, -1.05956191e+01, -1.05920120e+01, ...,
        -1.68487687e-03, -8.42491913e-04, -3.90597388e-18]])
            yp: array([[ 2.        ,  2.00005509,  2.00010914, ..., -1.40315918,
        -1.40363037, -1.40410171],
       [ 0.18519064,  0.18172222,  0.1782519 , ..., -1.56640248,
        -1.56710511, -1.56652775],
       [ 8.59922378,  8.59441895,  8.58961165, ..., -0.92316996,
        -0.92317022, -0.92317031],
       [12.01038558, 12.01849727, 12.0266114 , ...,  2.80747802,
         2.80784114,  2.80820341]])
       message: 'The maximum number of mesh nodes is exceeded.'
         niter: 1
             p: None
 rms_residuals: array([0.00010839, 0.00010871, 0.00010903, ..., 0.00158391, 0.00158629,
       0.00155464])
           sol: <scipy.interpolate._interpolate.PPoly object at 0x7fd6905dacc0>
        status: 1
       success: False
             x: array([0.00000000e+00, 3.00030003e-04, 6.00060006e-04, ...,
       2.99939994e+00, 2.99969997e+00, 3.00000000e+00])
             y: array([[ 1.00000000e+00,  1.00060008e+00,  1.00120021e+00, ...,
         4.71966750e-01,  4.71541527e-01,  4.71116162e-01],
       [ 2.00000000e+00,  2.00014297e+00,  2.00028487e+00, ...,
        -1.41703282e+00, -1.41750625e+00, -1.41797985e+00],
       [ 3.18984388e+00,  3.19258657e+00,  3.19532784e+00, ...,
         5.65395865e-04,  2.82697958e-04,  0.00000000e+00],
       [-1.11438026e+01, -1.11402162e+01, -1.11366272e+01, ...,
        -1.70152115e-03, -8.50816842e-04,  2.92087553e-18]])
            yp: array([[ 2.        ,  2.00014297,  2.00028487, ..., -1.41703282,
        -1.41750625, -1.41797985],
       [ 0.4781137 ,  0.47455833,  0.47100065, ..., -1.57396052,
        -1.57467962, -1.57437477],
       [ 9.14380258,  9.139016  ,  9.13422674, ..., -0.94223198,
        -0.94223224, -0.94223232],
       [11.94921939, 11.95784954, 11.96648382, ...,  2.83519727,
         2.83557892,  2.83595971]])
       message: 'The maximum number of mesh nodes is exceeded.'
         niter: 1
             p: None
 rms_residuals: array([0.00010345, 0.00010373, 0.00010401, ..., 0.00530326, 0.00530557,
       0.00527918])
           sol: <scipy.interpolate._interpolate.PPoly object at 0x7fd6905daea0>
        status: 1
       success: False
             x: array([0.00000000e+00, 3.00030003e-04, 6.00060006e-04, ...,
       2.99939994e+00, 2.99969997e+00, 3.00000000e+00])
             y: array([[ 1.00000000e+00,  1.00060009e+00,  1.00120025e+00, ...,
         4.82997481e-01,  4.82569652e-01,  4.82141679e-01],
       [ 2.00000000e+00,  2.00022145e+00,  2.00044180e+00, ...,
        -1.42571760e+00, -1.42619443e+00, -1.42667145e+00],
       [ 3.16705052e+00,  3.16993165e+00,  3.17281135e+00, ...,
         5.78627809e-04,  2.89313930e-04,  0.00000000e+00],
       [-1.16051658e+01, -1.16016135e+01, -1.15980585e+01, ...,
        -1.71194523e-03, -8.56030599e-04,  2.04134551e-17]])
            yp: array([[ 2.        ,  2.00022145,  2.0004418 , ..., -1.4257176 ,
        -1.42619443, -1.42667145],
       [ 0.73968109,  0.73605706,  0.73243035, ..., -1.57651622,
        -1.57725179, -1.57716823],
       [ 9.60516576,  9.60041328,  9.59565796, ..., -0.96428302,
        -0.96428327, -0.96428336],
       [11.83525262, 11.84430087, 11.85335481, ...,  2.8525295 ,
         2.85293663,  2.85334289]])
       message: 'The maximum number of mesh nodes is exceeded.'
         niter: 1
             p: None
 rms_residuals: array([9.90303983e-05, 9.92805787e-05, 9.95318616e-05, ...,
       4.78710478e-04, 4.80307955e-04, 4.60603575e-04])
           sol: <scipy.interpolate._interpolate.PPoly object at 0x7fd6905daf90>
        status: 1
       success: False
             x: array([0.00000000e+00, 3.00030003e-04, 6.00060006e-04, ...,
       2.99939994e+00, 2.99969997e+00, 3.00000000e+00])
             y: array([[ 1.00000000e+00,  1.00060010e+00,  1.00120029e+00, ...,
         4.94895300e-01,  4.94466479e-01,  4.94037517e-01],
       [ 2.00000000e+00,  2.00029115e+00,  2.00058119e+00, ...,
        -1.42902401e+00, -1.42949673e+00, -1.42996964e+00],
       [ 3.15732401e+00,  3.16035794e+00,  3.16339045e+00, ...,
         5.92904247e-04,  2.96452147e-04,  1.46817615e-21],
       [-1.21144577e+01, -1.21109199e+01, -1.21073793e+01, ...,
        -1.71588413e-03, -8.58004879e-04, -3.22885519e-16]])
            yp: array([[ 2.        ,  2.00029115,  2.00058119, ..., -1.42902401,
        -1.42949673, -1.42996964],
       [ 0.97200316,  0.9683259 ,  0.96464562, ..., -1.57415673,
        -1.57490104, -1.57499008],
       [10.11445765, 10.10971968, 10.1049787 , ..., -0.98807472,
        -0.98807495, -0.98807503],
       [11.78662007, 11.79609498, 11.80557706, ...,  2.85909792,
         2.85951904,  2.85993927]])
       message: 'The maximum number of mesh nodes is exceeded.'
         niter: 1
             p: None
 rms_residuals: array([9.49613724e-05, 9.51893765e-05, 9.54183294e-05, ...,
       4.42267168e-04, 4.43957063e-04, 4.27775287e-04])
           sol: <scipy.interpolate._interpolate.PPoly object at 0x7fd6c1ce9310>
        status: 1
       success: False
             x: array([0.00000000e+00, 3.00030003e-04, 6.00060006e-04, ...,
       2.99939994e+00, 2.99969997e+00, 3.00000000e+00])
             y: array([[ 1.00000000e+00,  1.00060011e+00,  1.00120033e+00, ...,
         5.06782618e-01,  5.06353236e-01,  5.05923712e-01],
       [ 2.00000000e+00,  2.00035455e+00,  2.00070798e+00, ...,
        -1.43089598e+00, -1.43136752e+00, -1.43183925e+00],
       [ 3.14014766e+00,  3.14331540e+00,  3.14648173e+00, ...,
         6.07169111e-04,  3.03584578e-04,  9.31360371e-21],
       [-1.25604386e+01, -1.25569265e+01, -1.25534115e+01, ...,
        -1.71811528e-03, -8.59123604e-04,  1.58945602e-18]])
            yp: array([[ 2.        ,  2.00035455,  2.00070798, ..., -1.43089598,
        -1.43136752, -1.43183925],
       [ 1.18332541,  1.17960627,  1.17588381, ..., -1.5702865 ,
        -1.57104089, -1.5712711 ],
       [10.56043855, 10.55572628, 10.55101084, ..., -1.01184712,
        -1.01184735, -1.01184742],
       [11.70073829, 11.71056785, 11.72040598, ...,  2.86279541,
         2.8632374 ,  2.8636785 ]])
       message: 'The maximum number of mesh nodes is exceeded.'
         niter: 1
             p: None
 rms_residuals: array([9.12096309e-05, 9.14204730e-05, 9.16321564e-05, ...,
       8.84142314e-03, 8.84486745e-03, 8.83332874e-03])
           sol: <scipy.interpolate._interpolate.PPoly object at 0x7fd6c1ce90e0>
        status: 1
       success: False
             x: array([0.00000000e+00, 3.00030003e-04, 6.00060006e-04, ...,
       2.99939994e+00, 2.99969997e+00, 3.00000000e+00])
             y: array([[ 1.00000000e+00,  1.00060012e+00,  1.00120037e+00, ...,
         5.19170139e-01,  5.18740569e-01,  5.18310856e-01],
       [ 2.00000000e+00,  2.00041196e+00,  2.00082279e+00, ...,
        -1.43151780e+00, -1.43199360e+00, -1.43246961e+00],
       [ 3.11363766e+00,  3.11691243e+00,  3.12018579e+00, ...,
         6.22035170e-04,  3.11017608e-04,  0.00000000e+00],
       [-1.29171347e+01, -1.29136623e+01, -1.29101870e+01, ...,
        -1.71887080e-03, -8.59501613e-04,  2.35004445e-17]])
            yp: array([[ 2.        ,  2.00041196,  2.00082279, ..., -1.4315178 ,
        -1.4319936 , -1.43246961],
       [ 1.37468226,  1.37093089,  1.36717593, ..., -1.56483647,
        -1.5656044 , -1.56595303],
       [10.91713466, 10.9124621 , 10.90778626, ..., -1.03662141,
        -1.03662164, -1.03662171],
       [11.56818831, 11.57828577, 11.58839302, ...,  2.86398861,
         2.86446436,  2.86493923]])
       message: 'The maximum number of mesh nodes is exceeded.'
         niter: 1
             p: None
 rms_residuals: array([8.77706768e-05, 8.79679369e-05, 8.81659590e-05, ...,
       8.76955708e-03, 8.77496625e-03, 8.76832272e-03])
           sol: <scipy.interpolate._interpolate.PPoly object at 0x7fd6c1ce92c0>
        status: 1
       success: False
             x: array([0.00000000e+00, 3.00030003e-04, 6.00060006e-04, ...,
       2.99939994e+00, 2.99969997e+00, 3.00000000e+00])
             y: array([[ 1.00000000e+00,  1.00060013e+00,  1.00120040e+00, ...,
         5.31663920e-01,  5.31235086e-01,  5.30806109e-01],
       [ 2.00000000e+00,  2.00046324e+00,  2.00092534e+00, ...,
        -1.42906805e+00, -1.42954134e+00, -1.43001485e+00],
       [ 3.10036604e+00,  3.10376688e+00,  3.10716633e+00, ...,
         6.37030976e-04,  3.18515510e-04,  0.00000000e+00],
       [-1.33373460e+01, -1.33338935e+01, -1.33304379e+01, ...,
        -1.71591183e-03, -8.58025366e-04, -1.31313528e-17]])
            yp: array([[ 2.        ,  2.00046324,  2.00092534, ..., -1.42906805,
        -1.42954134, -1.43001485],
       [ 1.54560254,  1.54182736,  1.53804835, ..., -1.55669349,
        -1.55746791, -1.55790694],
       [11.33734597, 11.33269326, 11.32803715, ..., -1.06161193,
        -1.06161215, -1.06161222],
       [11.50183019, 11.51222695, 11.52263475, ...,  2.85903599,
         2.85953329,  2.86002969]])
       message: 'The maximum number of mesh nodes is exceeded.'
         niter: 1
             p: None
 rms_residuals: array([8.45653713e-05, 8.47513210e-05, 8.49379715e-05, ...,
       8.58367583e-03, 8.59090300e-03, 8.58843614e-03])
           sol: <scipy.interpolate._interpolate.PPoly object at 0x7fd6c1ce94a0>
        status: 1
       success: False
             x: array([0.00000000e+00, 3.00030003e-04, 6.00060006e-04, ...,
       2.99939994e+00, 2.99969997e+00, 3.00000000e+00])
             y: array([[ 1.00000000e+00,  1.00060014e+00,  1.00120043e+00, ...,
         5.43435004e-01,  5.43007004e-01,  5.42578862e-01],
       [ 2.00000000e+00,  2.00051057e+00,  2.00101999e+00, ...,
        -1.42628898e+00, -1.42675962e+00, -1.42723049e+00],
       [ 3.08531819e+00,  3.08883679e+00,  3.09235399e+00, ...,
         6.51159696e-04,  3.25579868e-04,  0.00000000e+00],
       [-1.37297908e+01, -1.37263609e+01, -1.37229277e+01, ...,
        -1.71255771e-03, -8.56351444e-04, -6.01937241e-17]])
            yp: array([[ 2.        ,  2.00051057,  2.00101999, ..., -1.42628898,
        -1.42675962, -1.42723049],
       [ 1.70334933,  1.69955609,  1.69575879, ..., -1.54835321,
        -1.54913292, -1.54964437],
       [11.72979079, 11.7251606 , 11.7205269 , ..., -1.08515745,
        -1.08515766, -1.08515772],
       [11.42659096, 11.43725338, 11.44792798, ...,  2.8534265 ,
         2.85394419,  2.85446097]])
       message: 'The maximum number of mesh nodes is exceeded.'
         niter: 1
             p: None
 rms_residuals: array([8.15774196e-05, 8.17537803e-05, 8.19307926e-05, ...,
       8.30207545e-03, 8.31092251e-03, 8.31197350e-03])
           sol: <scipy.interpolate._interpolate.PPoly object at 0x7fd6c1ce93b0>
        status: 1
       success: False
             x: array([0.00000000e+00, 3.00030003e-04, 6.00060006e-04, ...,
       2.99939994e+00, 2.99969997e+00, 3.00000000e+00])
             y: array([[ 1.00000000e+00,  1.00060014e+00,  1.00120045e+00, ...,
         5.54578172e-01,  5.54151086e-01,  5.53723859e-01],
       [ 2.00000000e+00,  2.00055432e+00,  2.00110749e+00, ...,
        -1.42324389e+00, -1.42371177e+00, -1.42417989e+00],
       [ 3.06901084e+00,  3.07263941e+00,  3.07626661e+00, ...,
         6.64535033e-04,  3.32267536e-04,  0.00000000e+00],
       [-1.40963549e+01, -1.40929494e+01, -1.40895406e+01, ...,
        -1.70888443e-03, -8.54517853e-04,  2.44568387e-17]])
            yp: array([[ 2.        ,  2.00055432,  2.00110749, ..., -1.42324389,
        -1.42371177, -1.42417989],
       [ 1.849169  ,  1.84536243,  1.84155159, ..., -1.53988242,
        -1.54066639, -1.54123579],
       [12.09635487, 12.09174909, 12.08713971, ..., -1.10744746,
        -1.10744765, -1.10744772],
       [11.34505418, 11.35595235, 11.36686381, ...,  2.84728658,
         2.84782363,  2.84835977]])
       message: 'The maximum number of mesh nodes is exceeded.'
         niter: 1
             p: None
 rms_residuals: array([0.03060139, 0.03057461, 0.03054801, ..., 0.14545592, 0.14550484,
       0.14554829])
           sol: <scipy.interpolate._interpolate.PPoly object at 0x7fd6c1ce94f0>
        status: 1
       success: False
             x: array([0.00000000e+00, 3.00030003e-04, 6.00060006e-04, ...,
       2.99939994e+00, 2.99969997e+00, 3.00000000e+00])
             y: array([[ 1.00000000e+00,  1.00060015e+00,  1.00120048e+00, ...,
         5.34568142e-01,  5.34097330e-01,  5.33626338e-01],
       [ 2.00000000e+00,  2.00059482e+00,  2.00118849e+00, ...,
        -1.56891807e+00, -1.56951600e+00, -1.57011423e+00],
       [ 2.92575973e+00,  2.92944273e+00,  2.93312444e+00, ...,
         6.40444355e-04,  3.20215019e-04,  0.00000000e+00],
       [-1.42775829e+01, -1.42744899e+01, -1.42713937e+01, ...,
        -1.78817083e-03, -8.94080636e-04, -3.05311332e-16]])
            yp: array([[ 2.        ,  2.00059482,  2.00118849, ..., -1.56891807,
        -1.569516  , -1.57011423],
       [ 1.98415295,  1.98033691,  1.97651642, ..., -1.65489301,
        -1.65585199, -1.65663944],
       [12.27758294, 12.2732896 , 12.26899273, ..., -1.06734811,
        -1.06730058, -1.06725268],
       [10.62879865, 10.63940469, 10.65002466, ...,  3.13867949,
         3.13945439,  3.14022846]])
       message: 'The maximum number of mesh nodes is exceeded.'
         niter: 1
             p: None
 rms_residuals: array([0.03024405, 0.03021515, 0.03018642, ..., 0.14717768, 0.14722751,
       0.14727297])
           sol: <scipy.interpolate._interpolate.PPoly object at 0x7fd6c1ce95e0>
        status: 1
       success: False
             x: array([0.00000000e+00, 3.00030003e-04, 6.00060006e-04, ...,
       2.99939994e+00, 2.99969997e+00, 3.00000000e+00])
             y: array([[ 1.00000000e+00,  1.00060015e+00,  1.00120050e+00, ...,
         5.47972003e-01,  5.47505139e-01,  5.47038096e-01],
       [ 2.00000000e+00,  2.00062994e+00,  2.00125873e+00, ...,
        -1.55576180e+00, -1.55635476e+00, -1.55694802e+00],
       [ 2.90380746e+00,  2.90760008e+00,  2.91139143e+00, ...,
         6.56539841e-04,  3.28262820e-04,  0.00000000e+00],
       [-1.46429535e+01, -1.46398913e+01, -1.46368259e+01, ...,
        -1.77315059e-03, -8.86572823e-04,  2.22044605e-15]])
            yp: array([[ 2.        ,  2.00062994,  2.00125873, ..., -1.5557618 ,
        -1.55635476, -1.55694802],
       [ 2.1012015 ,  2.09739352,  2.09358092, ..., -1.63628719,
        -1.63724635, -1.63806836],
       [12.64295348, 12.63869099, 12.63442489, ..., -1.09417085,
        -1.0941237 , -1.09407619],
       [10.51903728, 10.52980831, 10.54059423, ...,  3.11230145,
         3.11309915,  3.11389604]])
       message: 'The maximum number of mesh nodes is exceeded.'
         niter: 1
             p: None
 rms_residuals: array([0.02989724, 0.02986627, 0.02983552, ..., 0.14862051, 0.14867076,
       0.14871752])
           sol: <scipy.interpolate._interpolate.PPoly object at 0x7fd6c1ce91d0>
        status: 1
       success: False
             x: array([0.00000000e+00, 3.00030003e-04, 6.00060006e-04, ...,
       2.99939994e+00, 2.99969997e+00, 3.00000000e+00])
             y: array([[ 1.00000000e+00,  1.00060016e+00,  1.00120052e+00, ...,
         5.60264339e-01,  5.59800725e-01,  5.59336935e-01],
       [ 2.00000000e+00,  2.00066351e+00,  2.00132589e+00, ...,
        -1.54492972e+00, -1.54551824e+00, -1.54610707e+00],
       [ 2.88086734e+00,  2.88476290e+00,  2.88865720e+00, ...,
         6.71299685e-04,  3.35642801e-04,  0.00000000e+00],
       [-1.49860337e+01, -1.49830039e+01, -1.49799708e+01, ...,
        -1.76093343e-03, -8.80466556e-04,  6.10622664e-16]])
            yp: array([[ 2.        ,  2.00066351,  2.00132589, ..., -1.54492972,
        -1.54551824, -1.54610707],
       [ 2.21310888,  2.20930886,  2.20550409, ..., -1.61992366,
        -1.62088282, -1.62173234],
       [12.98603371, 12.98180357, 12.97756975, ..., -1.11876774,
        -1.11872098, -1.11867387],
       [10.40433668, 10.41525341, 10.42618597, ...,  3.09057682,
         3.09139589,  3.09221415]])
       message: 'The maximum number of mesh nodes is exceeded.'
         niter: 1
             p: None
 rms_residuals: array([0.02956206, 0.02952912, 0.02949641, ..., 0.14981954, 0.14986977,
       0.14991724])
           sol: <scipy.interpolate._interpolate.PPoly object at 0x7fd6c1ce97c0>
        status: 1
       success: False
             x: array([0.00000000e+00, 3.00030003e-04, 6.00060006e-04, ...,
       2.99939994e+00, 2.99969997e+00, 3.00000000e+00])
             y: array([[ 1.00000000e+00,  1.00060016e+00,  1.00120054e+00, ...,
         5.71685519e-01,  5.71224646e-01,  5.70763598e-01],
       [ 2.00000000e+00,  2.00069552e+00,  2.00138991e+00, ...,
        -1.53579541e+00, -1.53637987e+00, -1.53696464e+00],
       [ 2.85743362e+00,  2.86142595e+00,  2.86541702e+00, ...,
         6.85012805e-04,  3.42499423e-04,  0.00000000e+00],
       [-1.53085320e+01, -1.53055353e+01, -1.53025353e+01, ...,
        -1.75078482e-03, -8.75394574e-04,  5.82867088e-16]])
            yp: array([[ 2.        ,  2.00069552,  2.00138991, ..., -1.53579541,
        -1.53637987, -1.53696464],
       [ 2.31978879,  2.31599676,  2.31219983, ..., -1.60519922,
        -1.60615823, -1.6070296 ],
       [13.30853198, 13.30433497, 13.30013421, ..., -1.14162025,
        -1.1415739 , -1.1415272 ],
       [10.28716808, 10.29821355, 10.30927572, ...,  3.07225155,
         3.07309082,  3.07392927]])
       message: 'The maximum number of mesh nodes is exceeded.'
         niter: 1
             p: None
 rms_residuals: array([0.02923992, 0.02920512, 0.02917054, ..., 0.15080757, 0.15085741,
       0.15090508])
           sol: <scipy.interpolate._interpolate.PPoly object at 0x7fd6c1ce9770>
        status: 1
       success: False
             x: array([0.00000000e+00, 3.00030003e-04, 6.00060006e-04, ...,
       2.99939994e+00, 2.99969997e+00, 3.00000000e+00])
             y: array([[ 1.00000000e+00,  1.00060017e+00,  1.00120056e+00, ...,
         5.82406645e-01,  5.81948140e-01,  5.81489461e-01],
       [ 2.00000000e+00,  2.00072596e+00,  2.00145080e+00, ...,
        -1.52790761e+00, -1.52848825e+00, -1.52906921e+00],
       [ 2.83387540e+00,  2.83795874e+00,  2.84204083e+00, ...,
         6.97884869e-04,  3.48935519e-04,  0.00000000e+00],
       [-1.56118490e+01, -1.56088858e+01, -1.56059191e+01, ...,
        -1.74217055e-03, -8.71089792e-04,  1.74860126e-15]])
            yp: array([[ 2.        ,  2.00072596,  2.0014508 , ..., -1.52790761,
        -1.52848825, -1.52906921],
       [ 2.42125763,  2.41747364,  2.41368461, ..., -1.59168715,
        -1.59264585, -1.59353451],
       [13.61184905, 13.60768541, 13.60351797, ..., -1.16307112,
        -1.16302519, -1.16297892],
       [10.169377  , 10.1805362 , 10.19171296, ...,  3.05642229,
         3.05728077,  3.05813843]])
       message: 'The maximum number of mesh nodes is exceeded.'
         niter: 1
             p: None
 rms_residuals: array([0.02893234, 0.02889573, 0.0288594 , ..., 0.15161501, 0.15166415,
       0.1517116 ])
           sol: <scipy.interpolate._interpolate.PPoly object at 0x7fd6c1ce96d0>
        status: 1
       success: False
             x: array([0.00000000e+00, 3.00030003e-04, 6.00060006e-04, ...,
       2.99939994e+00, 2.99969997e+00, 3.00000000e+00])
             y: array([[ 1.00000000e+00,  1.00060017e+00,  1.00120057e+00, ...,
         5.92549344e-01,  5.92092929e-01,  5.91636341e-01],
       [ 2.00000000e+00,  2.00075487e+00,  2.00150861e+00, ...,
        -1.52094144e+00, -1.52151845e+00, -1.52209578e+00],
       [ 2.81047037e+00,  2.81463932e+00,  2.81880703e+00, ...,
         7.10062074e-04,  3.55024189e-04,  0.00000000e+00],
       [-1.58971730e+01, -1.58942430e+01, -1.58913095e+01, ...,
        -1.73470139e-03, -8.67357595e-04, -1.60982339e-15]])
            yp: array([[ 2.        ,  2.00075487,  2.00150861, ..., -1.52094144,
        -1.52151845, -1.52209578],
       [ 2.51759856,  2.51382265,  2.51004159, ..., -1.57908701,
        -1.58004524, -1.58094751],
       [13.89717302, 13.89304261, 13.88890833, ..., -1.18336399,
        -1.1833185 , -1.18327268],
       [10.05235187, 10.06361155, 10.07488959, ...,  3.0424387 ,
         3.04331554,  3.04419155]])
       message: 'The maximum number of mesh nodes is exceeded.'
         niter: 1
             p: None
 rms_residuals: array([0.02864062, 0.02860235, 0.02856435, ..., 0.15226969, 0.15231787,
       0.15236473])
           sol: <scipy.interpolate._interpolate.PPoly object at 0x7fd6c1ce9900>
        status: 1
       success: False
             x: array([0.00000000e+00, 3.00030003e-04, 6.00060006e-04, ...,
       2.99939994e+00, 2.99969997e+00, 3.00000000e+00])
             y: array([[ 1.00000000e+00,  1.00060018e+00,  1.00120059e+00, ...,
         6.02199812e-01,  6.01745281e-01,  6.01290579e-01],
       [ 2.00000000e+00,  2.00078227e+00,  2.00156342e+00, ...,
        -1.51466357e+00, -1.51523707e+00, -1.51581089e+00],
       [ 2.78742819e+00,  2.79167766e+00,  2.79592591e+00, ...,
         7.21648036e-04,  3.60817239e-04,  0.00000000e+00],
       [-1.61655435e+01, -1.61626462e+01, -1.61597454e+01, ...,
        -1.72809355e-03, -8.64056080e-04,  2.49800181e-16]])
            yp: array([[ 2.        ,  2.00078227,  2.00156342, ..., -1.51466357,
        -1.51523707, -1.51581089],
       [ 2.6089375 ,  2.60516972,  2.60139666, ..., -1.56718899,
        -1.56814658, -1.56905949],
       [14.16554346, 14.1614458 , 14.15734424, ..., -1.20267153,
        -1.20262651, -1.20258116],
       [ 9.93714095,  9.94848938,  9.95985692, ...,  3.02983372,
         3.03072816,  3.03162178]])
       message: 'The maximum number of mesh nodes is exceeded.'
         niter: 1
             p: None
 rms_residuals: array([0.02836594, 0.0283261 , 0.02828652, ..., 0.15279673, 0.15284373,
       0.15288971])
           sol: <scipy.interpolate._interpolate.PPoly object at 0x7fd6c1ce9a90>
        status: 1
       success: False
             x: array([0.00000000e+00, 3.00030003e-04, 6.00060006e-04, ...,
       2.99939994e+00, 2.99969997e+00, 3.00000000e+00])
             y: array([[ 1.00000000e+00,  1.00060018e+00,  1.00120060e+00, ...,
         6.11418882e-01,  6.10966079e-01,  6.10513105e-01],
       [ 2.00000000e+00,  2.00080822e+00,  2.00161532e+00, ...,
        -1.50890708e+00, -1.50947717e+00, -1.51004758e+00],
       [ 2.76490688e+00,  2.76923207e+00,  2.77355604e+00, ...,
         7.32715886e-04,  3.66351236e-04,  0.00000000e+00],
       [-1.64178947e+01, -1.64150295e+01, -1.64121608e+01, ...,
        -1.72214026e-03, -8.61081857e-04,  1.80411242e-15]])
            yp: array([[ 2.        ,  2.00080822,  2.00161532, ..., -1.50890708,
        -1.50947717, -1.51004758],
       [ 2.69542717,  2.69166752,  2.68790248, ..., -1.55584838,
        -1.55680518, -1.55772631],
       [14.41789472, 14.41382913, 14.40975959, ..., -1.22111562,
        -1.22107108, -1.22102621],
       [ 9.82453441,  9.83596119,  9.8474078 , ...,  3.01827326,
         3.01918463,  3.02009516]])
       message: 'The maximum number of mesh nodes is exceeded.'
         niter: 1
             p: None
 rms_residuals: array([0.0281091 , 0.02806781, 0.02802677, ..., 0.15321848, 0.15326413,
       0.15330901])
           sol: <scipy.interpolate._interpolate.PPoly object at 0x7fd6c1ce99f0>
        status: 1
       success: False
             x: array([0.00000000e+00, 3.00030003e-04, 6.00060006e-04, ...,
       2.99939994e+00, 2.99969997e+00, 3.00000000e+00])
             y: array([[ 1.00000000e+00,  1.00060018e+00,  1.00120062e+00, ...,
         6.20249280e-01,  6.19798084e-01,  6.19346718e-01],
       [ 2.00000000e+00,  2.00083277e+00,  2.00166442e+00, ...,
        -1.50355331e+00, -1.50412006e+00, -1.50468713e+00],
       [ 2.74302461e+00,  2.74742097e+00,  2.75181612e+00, ...,
         7.43316985e-04,  3.71651860e-04,  0.00000000e+00],
       [-1.66550852e+01, -1.66522511e+01, -1.66494136e+01, ...,
        -1.71669122e-03, -8.58359761e-04, -8.88178420e-16]])
            yp: array([[ 2.        ,  2.00083277,  2.00166442, ..., -1.50355331,
        -1.50412006, -1.50468713],
       [ 2.77723647,  2.77348493,  2.76972787, ..., -1.54496714,
        -1.54592298, -1.54685038],
       [14.65508516, 14.65105078, 14.64701241, ..., -1.23878187,
        -1.23873781, -1.23869344],
       [ 9.71512305,  9.72661898,  9.73813542, ...,  3.0075198 ,
         3.00844745,  3.00937426]])
       message: 'The maximum number of mesh nodes is exceeded.'
         niter: 1
             p: None
 rms_residuals: array([0.02787067, 0.027828  , 0.02778561, ..., 0.15355455, 0.15359871,
       0.1536423 ])
           sol: <scipy.interpolate._interpolate.PPoly object at 0x7fd6c1ce9b80>
        status: 1
       success: False
             x: array([0.00000000e+00, 3.00030003e-04, 6.00060006e-04, ...,
       2.99939994e+00, 2.99969997e+00, 3.00000000e+00])
             y: array([[ 1.00000000e+00,  1.00060019e+00,  1.00120063e+00, ...,
         6.28720889e-01,  6.28271204e-01,  6.27821350e-01],
       [ 2.00000000e+00,  2.00085596e+00,  2.00171081e+00, ...,
        -1.49851853e+00, -1.49908202e+00, -1.49964582e+00],
       [ 2.72186823e+00,  2.72633145e+00,  2.73079347e+00, ...,
         7.53487262e-04,  3.76737072e-04,  0.00000000e+00],
       [-1.68779166e+01, -1.68751128e+01, -1.68723055e+01, ...,
        -1.71163754e-03, -8.55835339e-04, -1.33226763e-15]])
            yp: array([[ 2.        ,  2.00085596,  2.00171081, ..., -1.49851853,
        -1.49908202, -1.49964582],
       [ 2.85454344,  2.85079992,  2.8470508 , ..., -1.53448049,
        -1.53543524, -1.5363673 ],
       [14.87791657, 14.8739124 , 14.86990421, ..., -1.25573014,
        -1.25568657, -1.2556427 ],
       [ 9.60934114,  9.62089808,  9.63247617, ...,  2.99740579,
         2.99834914,  2.99929165]])
       message: 'The maximum number of mesh nodes is exceeded.'
         niter: 1
             p: None
 rms_residuals: array([0.0276508 , 0.02760689, 0.02756324, ..., 0.15382189, 0.15386447,
       0.15390662])
           sol: <scipy.interpolate._interpolate.PPoly object at 0x7fd6c1ce9c70>
        status: 1
       success: False
             x: array([0.00000000e+00, 3.00030003e-04, 6.00060006e-04, ...,
       2.99939994e+00, 2.99969997e+00, 3.00000000e+00])
             y: array([[ 1.00000000e+00,  1.00060019e+00,  1.00120065e+00, ...,
         6.36854586e-01,  6.36406334e-01,  6.35957914e-01],
       [ 2.00000000e+00,  2.00087786e+00,  2.00175461e+00, ...,
        -1.49374430e+00, -1.49430459e+00, -1.49486520e+00],
       [ 2.70149967e+00,  2.70602567e+00,  2.71055048e+00, ...,
         7.63251815e-04,  3.81619423e-04,  0.00000000e+00],
       [-1.70871469e+01, -1.70843722e+01, -1.70815940e+01, ...,
        -1.70690074e-03, -8.53469336e-04, -5.55111512e-16]])
            yp: array([[ 2.        ,  2.00087786,  2.00175461, ..., -1.4937443 ,
        -1.49430459, -1.4948652 ],
       [ 2.92753058,  2.923795  ,  2.92005371, ..., -1.52434719,
        -1.5253007 , -1.52623614],
       [15.08714687, 15.08317183, 15.07919273, ..., -1.27200227,
        -1.2719592 , -1.27191583],
       [ 9.50749837,  9.51910912,  9.53074164, ...,  2.98781429,
         2.98877278,  2.98973041]])
       message: 'The maximum number of mesh nodes is exceeded.'
         niter: 1
             p: None
 rms_residuals: array([0.02744948, 0.0274044 , 0.0273596 , ..., 0.15403494, 0.15407586,
       0.15411649])
           sol: <scipy.interpolate._interpolate.PPoly object at 0x7fd6c1ce9720>
        status: 1
       success: False
             x: array([0.00000000e+00, 3.00030003e-04, 6.00060006e-04, ...,
       2.99939994e+00, 2.99969997e+00, 3.00000000e+00])
             y: array([[ 1.00000000e+00,  1.00060019e+00,  1.00120066e+00, ...,
         6.44665041e-01,  6.44218156e-01,  6.43771103e-01],
       [ 2.00000000e+00,  2.00089852e+00,  2.00179593e+00, ...,
        -1.48919033e+00, -1.48974750e+00, -1.49030499e+00],
       [ 2.68196085e+00,  2.68654576e+00,  2.69112949e+00, ...,
         7.72628281e-04,  3.86307731e-04,  0.00000000e+00],
       [-1.72834982e+01, -1.72807516e+01, -1.72780014e+01, ...,
        -1.70242463e-03, -8.51233649e-04, -1.66533454e-16]])
            yp: array([[ 2.        ,  2.00089852,  2.00179593, ..., -1.48919033,
        -1.4897475 , -1.49030499],
       [ 2.9963818 ,  2.99265402,  2.98892044, ..., -1.51454232,
        -1.51549447, -1.51643225],
       [15.28349823, 15.27955117, 15.27560004, ..., -1.28762766,
        -1.28758508, -1.28754221],
       [ 9.40980423,  9.42146244,  9.43314299, ...,  2.9786647 ,
         2.97963777,  2.98060997]])
       message: 'The maximum number of mesh nodes is exceeded.'
         niter: 1
             p: None
 rms_residuals: array([0.02726633, 0.0272202 , 0.02717434, ..., 0.15420584, 0.15424506,
       0.15428409])
           sol: <scipy.interpolate._interpolate.PPoly object at 0x7fd6c1ce9c20>
        status: 1
       success: False
             x: array([0.00000000e+00, 3.00030003e-04, 6.00060006e-04, ...,
       2.99939994e+00, 2.99969997e+00, 3.00000000e+00])
             y: array([[ 1.00000000e+00,  1.00060020e+00,  1.00120067e+00, ...,
         6.52162756e-01,  6.51717180e-01,  6.51271437e-01],
       [ 2.00000000e+00,  2.00091799e+00,  2.00183487e+00, ...,
        -1.48482927e+00, -1.48538340e+00, -1.48593784e+00],
       [ 2.66327741e+00,  2.66791758e+00,  2.67255658e+00, ...,
         7.81629285e-04,  3.90808307e-04,  0.00000000e+00],
       [-1.74676621e+01, -1.74649423e+01, -1.74622188e+01, ...,
        -1.69816928e-03, -8.49108306e-04,  2.77555756e-16]])
            yp: array([[ 2.        ,  2.00091799,  2.00183487, ..., -1.48482927,
        -1.4853834 , -1.48593784],
       [ 3.06128036,  3.0575602 ,  3.05383417, ..., -1.50505211,
        -1.5060028 , -1.50694208],
       [15.46766212, 15.46374186, 15.45981749, ..., -1.30262734,
        -1.30258525, -1.30254287],
       [ 9.31638704,  9.32808711,  9.33981006, ...,  2.96990231,
         2.97088943,  2.97187567]])
       message: 'The maximum number of mesh nodes is exceeded.'
         niter: 1
             p: None
 rms_residuals: array([0.02710083, 0.02705371, 0.02700689, ..., 0.15434461, 0.15438211,
       0.15441951])
           sol: <scipy.interpolate._interpolate.PPoly object at 0x7fd6c1ce9ae0>
        status: 1
       success: False
             x: array([0.00000000e+00, 3.00030003e-04, 6.00060006e-04, ...,
       2.99939994e+00, 2.99969997e+00, 3.00000000e+00])
             y: array([[ 1.00000000e+00,  1.00060020e+00,  1.00120068e+00, ...,
         6.59355549e-01,  6.58911229e-01,  6.58466744e-01],
       [ 2.00000000e+00,  2.00093633e+00,  2.00187156e+00, ...,
        -1.48064290e+00, -1.48119406e+00, -1.48174552e+00],
       [ 2.64546185e+00,  2.65015382e+00,  2.65484463e+00, ...,
         7.90264226e-04,  3.95125849e-04,  0.00000000e+00],
       [-1.76403022e+01, -1.76376079e+01, -1.76349101e+01, ...,
        -1.69410659e-03, -8.47079246e-04,  4.71844785e-16]])
            yp: array([[ 2.        ,  2.00093633,  2.00187156, ..., -1.4806429 ,
        -1.48119406, -1.48174552],
       [ 3.12240739,  3.11869468,  3.11497601, ..., -1.49587012,
        -1.49681925, -1.49775934],
       [15.64030222, 15.63640754, 15.63250874, ..., -1.31701699,
        -1.31697538, -1.31693349],
       [ 9.22730924,  9.23904622,  9.2508066 , ...,  2.96149064,
         2.96249128,  2.96349105]])
       message: 'The maximum number of mesh nodes is exceeded.'
         niter: 1
             p: None
 rms_residuals: array([0.02695224, 0.02690423, 0.02685652, ..., 0.15445944, 0.15449522,
       0.15453097])
           sol: <scipy.interpolate._interpolate.PPoly object at 0x7fd6c1ce9bd0>
        status: 1
       success: False
             x: array([0.00000000e+00, 3.00030003e-04, 6.00060006e-04, ...,
       2.99939994e+00, 2.99969997e+00, 3.00000000e+00])
             y: array([[ 1.00000000e+00,  1.00060020e+00,  1.00120069e+00, ...,
         6.66249622e-01,  6.65806510e-01,  6.65363233e-01],
       [ 2.00000000e+00,  2.00095360e+00,  2.00190608e+00, ...,
        -1.47661928e+00, -1.47716755e+00, -1.47771614e+00],
       [ 2.62851594e+00,  2.63325646e+00,  2.63799580e+00, ...,
         7.98540557e-04,  3.99264086e-04,  0.00000000e+00],
       [-1.78020560e+01, -1.77993861e+01, -1.77967126e+01, ...,
        -1.69021698e-03, -8.45136665e-04,  1.94289029e-16]])
            yp: array([[ 2.        ,  2.0009536 ,  2.00190608, ..., -1.47661928,
        -1.47716755, -1.47771614],
       [ 3.17994102,  3.17623554,  3.17252402, ..., -1.48699442,
        -1.48794192, -1.48888227],
       [15.80205601, 15.7981857 , 15.79431124, ..., -1.33080903,
        -1.33076788, -1.33072647],
       [ 9.14257972,  9.15434927,  9.16614269, ...,  2.95340585,
         2.9544195 ,  2.95543227]])
       message: 'The maximum number of mesh nodes is exceeded.'
         niter: 1
             p: None
 rms_residuals: array([0.02681969, 0.02677087, 0.02672235, ..., 0.15455687, 0.15459095,
       0.15462506])
           sol: <scipy.interpolate._interpolate.PPoly object at 0x7fd6c1ce9f90>
        status: 1
       success: False
             x: array([0.00000000e+00, 3.00030003e-04, 6.00060006e-04, ...,
       2.99939994e+00, 2.99969997e+00, 3.00000000e+00])
             y: array([[ 1.00000000e+00,  1.00060021e+00,  1.00120070e+00, ...,
         6.72850325e-01,  6.72408374e-01,  6.71966259e-01],
       [ 2.00000000e+00,  2.00096983e+00,  2.00193856e+00, ...,
        -1.47275076e+00, -1.47329624e+00, -1.47384202e+00],
       [ 2.61243283e+00,  2.61721879e+00,  2.62200360e+00, ...,
         8.06464704e-04,  4.03226228e-04,  0.00000000e+00],
       [-1.79535356e+01, -1.79508889e+01, -1.79482386e+01, ...,
        -1.68648691e-03, -8.43273795e-04, -1.58206781e-15]])
            yp: array([[ 2.        ,  2.00096983,  2.00193856, ..., -1.47275076,
        -1.47329624, -1.47384202],
       [ 3.23405562,  3.23035713,  3.22665253, ..., -1.47842565,
        -1.47937146, -1.48031164],
       [15.95353564, 15.94968849, 15.94583717, ..., -1.34401416,
        -1.34397347, -1.34393252],
       [ 9.06216413,  9.07396241,  9.08578502, ...,  2.94563264,
         2.94665878,  2.94768405]])
       message: 'The maximum number of mesh nodes is exceeded.'
         niter: 1
             p: None
 rms_residuals: array([0.02670222, 0.02665265, 0.0266034 , ..., 0.15464208, 0.15467448,
       0.15470696])
           sol: <scipy.interpolate._interpolate.PPoly object at 0x7fd6c1ce9f40>
        status: 1
       success: False
             x: array([0.00000000e+00, 3.00030003e-04, 6.00060006e-04, ...,
       2.99939994e+00, 2.99969997e+00, 3.00000000e+00])
             y: array([[ 1.00000000e+00,  1.00060021e+00,  1.00120071e+00, ...,
         6.79162681e-01,  6.78721846e-01,  6.78280848e-01],
       [ 2.00000000e+00,  2.00098509e+00,  2.00196908e+00, ...,
        -1.46903247e+00, -1.46957524e+00, -1.47011833e+00],
       [ 2.59719869e+00,  2.60202720e+00,  2.60685456e+00, ...,
         8.14042702e-04,  4.07015293e-04,  0.00000000e+00],
       [-1.80953282e+01, -1.80927035e+01, -1.80900751e+01, ...,
        -1.68290709e-03, -8.41485982e-04, -1.27675648e-15]])
            yp: array([[ 2.        ,  2.00098509,  2.00196908, ..., -1.46903247,
        -1.46957524, -1.47011833],
       [ 3.28492128,  3.28122953,  3.27753163, ..., -1.47016559,
        -1.47110966, -1.47204932],
       [16.09532823, 16.09150305, 16.08767367, ..., -1.35664246,
        -1.35660221, -1.3565617 ],
       [ 8.98599346,  8.99781711,  9.00966551, ...,  2.93816126,
         2.9391994 ,  2.94023665]])
       message: 'The maximum number of mesh nodes is exceeded.'
         niter: 1
             p: None
 rms_residuals: array([0.02659877, 0.02654854, 0.02649862, ..., 0.15471902, 0.15474979,
       0.15478067])
           sol: <scipy.interpolate._interpolate.PPoly object at 0x7fd6c1ce9b30>
        status: 1
       success: False
             x: array([0.00000000e+00, 3.00030003e-04, 6.00060006e-04, ...,
       2.99939994e+00, 2.99969997e+00, 3.00000000e+00])
             y: array([[ 1.00000000e+00,  1.00060021e+00,  1.00120072e+00, ...,
         6.85191749e-01,  6.84751986e-01,  6.84312060e-01],
       [ 2.00000000e+00,  2.00099943e+00,  2.00199776e+00, ...,
        -1.46546126e+00, -1.46600143e+00, -1.46654191e+00],
       [ 2.58279425e+00,  2.58766256e+00,  2.59252974e+00, ...,
         8.21280624e-04,  4.10634318e-04,  0.00000000e+00],
       [-1.82279960e+01, -1.82253921e+01, -1.82227845e+01, ...,
        -1.67947113e-03, -8.39770026e-04, -9.15933995e-16]])
            yp: array([[ 2.        ,  2.00099943,  2.00199776, ..., -1.46546126,
        -1.46600143, -1.46654191],
       [ 3.33270343,  3.32901818,  3.32532671, ..., -1.46221615,
        -1.46315847, -1.46409733],
       [16.22799603, 16.22419164, 16.22038305, ..., -1.36870403,
        -1.3686642 , -1.36862412],
       [ 8.91397124,  8.9258173 ,  8.93768851, ...,  2.93098545,
         2.93203509,  2.93308382]])
       message: 'The maximum number of mesh nodes is exceeded.'
         niter: 1
             p: None
 rms_residuals: array([0.02650828, 0.02645744, 0.02640693, ..., 0.15479069, 0.15481989,
       0.15484921])
           sol: <scipy.interpolate._interpolate.PPoly object at 0x7fd6c1ce9d60>
        status: 1
       success: False
             x: array([0.00000000e+00, 3.00030003e-04, 6.00060006e-04, ...,
       2.99939994e+00, 2.99969997e+00, 3.00000000e+00])
             y: array([[ 1.00000000e+00,  1.00060021e+00,  1.00120073e+00, ...,
         6.90942853e-01,  6.90504118e-01,  6.90065222e-01],
       [ 2.00000000e+00,  2.00101289e+00,  2.00202468e+00, ...,
        -1.46203499e+00, -1.46257265e+00, -1.46311062e+00],
       [ 2.56919594e+00,  2.57410148e+00,  2.57900589e+00, ...,
         8.28184861e-04,  4.14086498e-04,  0.00000000e+00],
       [-1.83520765e+01, -1.83494922e+01, -1.83469042e+01, ...,
        -1.67617454e-03, -8.38123682e-04, -1.24900090e-15]])
            yp: array([[ 2.        ,  2.00101289,  2.00202468, ..., -1.46203499,
        -1.46257265, -1.46311062],
       [ 3.37756255,  3.37388353,  3.37019823, ..., -1.45457878,
        -1.45551932, -1.45645718],
       [16.35207647, 16.34829173, 16.34450278, ..., -1.38020953,
        -1.38017011, -1.38013044],
       [ 8.84597969,  8.85784557,  8.86973697, ...,  2.92410089,
         2.92516152,  2.92622125]])
       message: 'The maximum number of mesh nodes is exceeded.'
         niter: 1
             p: None
 rms_residuals: array([0.02642968, 0.02637829, 0.02632723, ..., 0.15485929, 0.15488696,
       0.15491477])
           sol: <scipy.interpolate._interpolate.PPoly object at 0x7fd6c1cd4040>
        status: 1
       success: False
             x: array([0.00000000e+00, 3.00030003e-04, 6.00060006e-04, ...,
       2.99939994e+00, 2.99969997e+00, 3.00000000e+00])
             y: array([[ 1.00000000e+00,  1.00060021e+00,  1.00120074e+00, ...,
         6.96421717e-01,  6.95983968e-01,  6.95546058e-01],
       [ 2.00000000e+00,  2.00102552e+00,  2.00204994e+00, ...,
        -1.45875193e+00, -1.45928719e+00, -1.45982276e+00],
       [ 2.55637698e+00,  2.56131734e+00,  2.56625656e+00, ...,
         8.34762286e-04,  4.17375270e-04,  0.00000000e+00],
       [-1.84680823e+01, -1.84655165e+01, -1.84629471e+01, ...,
        -1.67301406e-03, -8.36545315e-04, -1.36002321e-15]])
            yp: array([[ 2.        ,  2.00102552,  2.00204994, ..., -1.45875193,
        -1.45928719, -1.45982276],
       [ 3.41965386,  3.41598081,  3.41230142, ..., -1.447254  ,
        -1.44819275, -1.44912946],
       [16.46808228, 16.46431609, 16.46054567, ..., -1.39117042,
        -1.39113139, -1.39109212],
       [ 8.78188491,  8.79376833,  8.80567763, ...,  2.91750414,
         2.91857529,  2.91964552]])
       message: 'The maximum number of mesh nodes is exceeded.'
         niter: 1
             p: None
 rms_residuals: array([0.02636187, 0.02630999, 0.02625844, ..., 0.15492636, 0.15495255,
       0.15497891])
           sol: <scipy.interpolate._interpolate.PPoly object at 0x7fd6c1cd4220>
        status: 1
       success: False
             x: array([0.00000000e+00, 3.00030003e-04, 6.00060006e-04, ...,
       2.99939994e+00, 2.99969997e+00, 3.00000000e+00])
             y: array([[ 1.00000000e+00,  1.00060022e+00,  1.00120074e+00, ...,
         7.01634534e-01,  7.01197727e-01,  7.00760760e-01],
       [ 2.00000000e+00,  2.00103736e+00,  2.00207363e+00, ...,
        -1.45561050e+00, -1.45614346e+00, -1.45667673e+00],
       [ 2.54430825e+00,  2.54928113e+00,  2.55425289e+00, ...,
         8.41020330e-04,  4.20504348e-04,  0.00000000e+00],
       [-1.85765017e+01, -1.85739534e+01, -1.85714015e+01, ...,
        -1.66998710e-03, -8.35033627e-04, -3.58046925e-15]])
            yp: array([[ 2.        ,  2.00103736,  2.00207363, ..., -1.4556105 ,
        -1.45614346, -1.45667673],
       [ 3.4591272 ,  3.45545984,  3.4517861 , ..., -1.44024118,
        -1.44117816, -1.44211359],
       [16.57650167, 16.57275297, 16.56900001, ..., -1.40159908,
        -1.40156042, -1.40152152],
       [ 8.72154123,  8.73344018,  8.74536534, ...,  2.91119201,
         2.91227319,  2.91335345]])
       message: 'The maximum number of mesh nodes is exceeded.'
         niter: 1
             p: None
 rms_residuals: array([0.02630386, 0.02625152, 0.02619952, ..., 0.15499291, 0.15501769,
       0.15504267])
           sol: <scipy.interpolate._interpolate.PPoly object at 0x7fd6c1cd4130>
        status: 1
       success: False
             x: array([0.00000000e+00, 3.00030003e-04, 6.00060006e-04, ...,
       2.99939994e+00, 2.99969997e+00, 3.00000000e+00])
             y: array([[ 1.00000000e+00,  1.00060022e+00,  1.00120075e+00, ...,
         7.06587977e-01,  7.06152072e-01,  7.05716006e-01],
       [ 2.00000000e+00,  2.00104846e+00,  2.00209583e+00, ...,
        -1.45260897e+00, -1.45313973e+00, -1.45367080e+00],
       [ 2.53295897e+00,  2.53796225e+00,  2.54296441e+00, ...,
         8.46967007e-04,  4.23477739e-04,  0.00000000e+00],
       [-1.86777986e+01, -1.86752668e+01, -1.86727314e+01, ...,
        -1.66709140e-03, -8.33587492e-04, -1.91513472e-15]])
            yp: array([[ 2.        ,  2.00104846,  2.00209583, ..., -1.45260897,
        -1.45313973, -1.4536708 ],
       [ 3.49612685,  3.49246492,  3.48879656, ..., -1.43353845,
        -1.43447367, -1.43540775],
       [16.67779864, 16.6740664 , 16.67032989, ..., -1.41150886,
        -1.41147056, -1.41143201],
       [ 8.66479487,  8.6767076 ,  8.68864685, ...,  2.90516103,
         2.90625177,  2.9073416 ]])
       message: 'The maximum number of mesh nodes is exceeded.'
         niter: 1
             p: None
 rms_residuals: array([0.0262546 , 0.02620186, 0.02614946, ..., 0.15505957, 0.15508302,
       0.15510666])
           sol: <scipy.interpolate._interpolate.PPoly object at 0x7fd6c1cd43b0>
        status: 1
       success: False
             x: array([0.00000000e+00, 3.00030003e-04, 6.00060006e-04, ...,
       2.99939994e+00, 2.99969997e+00, 3.00000000e+00])
             y: array([[ 1.00000000e+00,  1.00060022e+00,  1.00120076e+00, ...,
         7.11289188e-01,  7.10854142e-01,  7.10418937e-01],
       [ 2.00000000e+00,  2.00105886e+00,  2.00211663e+00, ...,
        -1.44974536e+00, -1.45027403e+00, -1.45080299e+00],
       [ 2.52229740e+00,  2.52732907e+00,  2.53235963e+00, ...,
         8.52610885e-04,  4.26299729e-04,  0.00000000e+00],
       [-1.87724134e+01, -1.87698971e+01, -1.87673771e+01, ...,
        -1.66432480e-03, -8.32205823e-04, -3.74700271e-15]])
            yp: array([[ 2.        ,  2.00105886,  2.00211663, ..., -1.44974536,
        -1.45027403, -1.45080299],
       [ 3.53079141,  3.52713464,  3.5234714 , ..., -1.42714266,
        -1.42807615, -1.42900882],
       [16.77241342, 16.76869664, 16.7649756 , ..., -1.42091405,
        -1.42087608, -1.42083787],
       [ 8.61148702,  8.62341199,  8.63536376, ...,  2.89940722,
         2.90050706,  2.90160599]])
       message: 'The maximum number of mesh nodes is exceeded.'
         niter: 1
             p: None
 rms_residuals: array([0.02621317, 0.02616007, 0.02610731, ..., 0.15512668, 0.15514885,
       0.15517123])
           sol: <scipy.interpolate._interpolate.PPoly object at 0x7fd6c1cd40e0>
        status: 1
       success: False
             x: array([0.00000000e+00, 3.00030003e-04, 6.00060006e-04, ...,
       2.99939994e+00, 2.99969997e+00, 3.00000000e+00])
             y: array([[ 1.00000000e+00,  1.00060022e+00,  1.00120076e+00, ...,
         7.15745730e-01,  7.15311502e-01,  7.14877116e-01],
       [ 2.00000000e+00,  2.00106860e+00,  2.00213612e+00, ...,
        -1.44701736e+00, -1.44754403e+00, -1.44807100e+00],
       [ 2.51229128e+00,  2.51734946e+00,  2.52240653e+00, ...,
         8.57961043e-04,  4.28974855e-04,  0.00000000e+00],
       [-1.88607629e+01, -1.88582611e+01, -1.88557557e+01, ...,
        -1.66168506e-03, -8.30887508e-04, -8.32667268e-17]])
            yp: array([[ 2.        ,  2.0010686 ,  2.00213612, ..., -1.44701736,
        -1.44754403, -1.448071  ],
       [ 3.5632538 ,  3.55960193,  3.55594355, ..., -1.42104943,
        -1.42198123, -1.42291246],
       [16.86076294, 16.8570607 , 16.85335419, ..., -1.42982977,
        -1.42979212, -1.42975423],
       [ 8.56145641,  8.57339227,  8.58535519, ...,  2.89392593,
         2.89503442,  2.896142  ]])
       message: 'The maximum number of mesh nodes is exceeded.'
         niter: 1
             p: None
 rms_residuals: array([0.0261787 , 0.02612527, 0.02607218, ..., 0.15519432, 0.15521528,
       0.15523645])
           sol: <scipy.interpolate._interpolate.PPoly object at 0x7fd6c1cd4590>
        status: 1
       success: False
             x: array([0.00000000e+00, 3.00030003e-04, 6.00060006e-04, ...,
       2.99939994e+00, 2.99969997e+00, 3.00000000e+00])
             y: array([[ 1.00000000e+00,  1.00060022e+00,  1.00120077e+00, ...,
         7.19965530e-01,  7.19532081e-01,  7.19098475e-01],
       [ 2.00000000e+00,  2.00107772e+00,  2.00215435e+00, ...,
        -1.44442230e+00, -1.44494707e+00, -1.44547214e+00],
       [ 2.50290827e+00,  2.50799120e+00,  2.51307302e+00, ...,
         8.63026999e-04,  4.31507878e-04,  0.00000000e+00],
       [-1.89432415e+01, -1.89407534e+01, -1.89382616e+01, ...,
        -1.65916976e-03, -8.29631334e-04, -2.94209102e-15]])
            yp: array([[ 2.        ,  2.00107772,  2.00215435, ..., -1.4444223 ,
        -1.44494707, -1.44547214],
       [ 3.59364119,  3.58999396,  3.58634019, ..., -1.41525327,
        -1.41618341, -1.41711319],
       [16.94324153, 16.93955294, 16.93586006, ..., -1.43827189,
        -1.43823453, -1.43819695],
       [ 8.51454134,  8.52648689,  8.53845975, ...,  2.88871177,
         2.88982849,  2.89094428]])
       message: 'The maximum number of mesh nodes is exceeded.'
         niter: 1
             p: None
 rms_residuals: array([0.02615037, 0.02609664, 0.02604324, ..., 0.15526245, 0.15528226,
       0.1553023 ])
           sol: <scipy.interpolate._interpolate.PPoly object at 0x7fd6c1cd45e0>
        status: 1
       success: False
             x: array([0.00000000e+00, 3.00030003e-04, 6.00060006e-04, ...,
       2.99939994e+00, 2.99969997e+00, 3.00000000e+00])
             y: array([[ 1.00000000e+00,  1.00060022e+00,  1.00120077e+00, ...,
         7.23956817e-01,  7.23524108e-01,  7.23091242e-01],
       [ 2.00000000e+00,  2.00108625e+00,  2.00217142e+00, ...,
        -1.44195714e+00, -1.44248011e+00, -1.44300338e+00],
       [ 2.49411629e+00,  2.49922231e+00,  2.50432723e+00, ...,
         8.67818628e-04,  4.33903736e-04,  0.00000000e+00],
       [-1.90202216e+01, -1.90177463e+01, -1.90152673e+01, ...,
        -1.65677626e-03, -8.28435987e-04, -1.85962357e-15]])
            yp: array([[ 2.        ,  2.00108625,  2.00217142, ..., -1.44195714,
        -1.44248011, -1.44300338],
       [ 3.62207502,  3.6184322 ,  3.61478279, ..., -1.40974764,
        -1.41067618, -1.41160451],
       [17.0202216 , 17.01654581, 17.01286572, ..., -1.44625686,
        -1.44621978, -1.44618248],
       [ 8.47058143,  8.48253561,  8.49451736, ...,  2.88375867,
         2.88488317,  2.88600675]])
       message: 'The maximum number of mesh nodes is exceeded.'
         niter: 1
             p: None
 rms_residuals: array([0.0261274 , 0.02607341, 0.02601977, ..., 0.15533088, 0.15534962,
       0.15536857])
           sol: <scipy.interpolate._interpolate.PPoly object at 0x7fd6c1cd44a0>
        status: 1
       success: False
             x: array([0.00000000e+00, 3.00030003e-04, 6.00060006e-04, ...,
       2.99939994e+00, 2.99969997e+00, 3.00000000e+00])
             y: array([[ 1.00000000e+00,  1.00060022e+00,  1.00120078e+00, ...,
         7.27728051e-01,  7.27296044e-01,  7.26863881e-01],
       [ 2.00000000e+00,  2.00109423e+00,  2.00218738e+00, ...,
        -1.43961852e+00, -1.44013979e+00, -1.44066135e+00],
       [ 2.48588379e+00,  2.49101137e+00,  2.49613784e+00, ...,
         8.72346086e-04,  4.36167505e-04,  0.00000000e+00],
       [-1.90920544e+01, -1.90895911e+01, -1.90871241e+01, ...,
        -1.65450169e-03, -8.27300033e-04, -2.13717932e-15]])
            yp: array([[ 2.        ,  2.00109423,  2.00218738, ..., -1.43961852,
        -1.44013979, -1.44066135],
       [ 3.6486711 ,  3.64503243,  3.64138714, ..., -1.40452515,
        -1.40545213, -1.40637903],
       [17.09205442, 17.08839062, 17.08472252, ..., -1.4538016 ,
        -1.45376479, -1.45372776],
       [ 8.42941893,  8.44138084,  8.45337052, ...,  2.87905986,
         2.88019174,  2.8813227 ]])
       message: 'The maximum number of mesh nodes is exceeded.'
         niter: 1
             p: None
 rms_residuals: array([0.02610914, 0.02605489, 0.02600101, ..., 0.15539939, 0.15541711,
       0.15543504])
           sol: <scipy.interpolate._interpolate.PPoly object at 0x7fd6c1cd4680>
        status: 1
       success: False
             x: array([0.00000000e+00, 3.00030003e-04, 6.00060006e-04, ...,
       2.99939994e+00, 2.99969997e+00, 3.00000000e+00])
             y: array([[ 1.00000000e+00,  1.00060023e+00,  1.00120078e+00, ...,
         7.31287854e-01,  7.30856512e-01,  7.30425014e-01],
       [ 2.00000000e+00,  2.00110169e+00,  2.00220230e+00, ...,
        -1.43740280e+00, -1.43792245e+00, -1.43844240e+00],
       [ 2.47817996e+00,  2.48332765e+00,  2.48847424e+00, ...,
         8.76619722e-04,  4.38304360e-04,  0.00000000e+00],
       [-1.91590709e+01, -1.91566188e+01, -1.91541630e+01, ...,
        -1.65234292e-03, -8.26221902e-04, -1.08246745e-15]])
            yp: array([[ 2.        ,  2.00110169,  2.0022023 , ..., -1.4374028 ,
        -1.43792245, -1.4384424 ],
       [ 3.6735396 ,  3.66990485,  3.66626345, ..., -1.39957765,
        -1.40050311, -1.40142862],
       [17.15907093, 17.15541836, 17.15176148, ..., -1.46092336,
        -1.4608868 , -1.46085003],
       [ 8.39089979,  8.40286861,  8.41486541, ...,  2.87460799,
         2.87574686,  2.87688479]])
       message: 'The maximum number of mesh nodes is exceeded.'
         niter: 1
             p: None
 rms_residuals: array([0.02609493, 0.02604047, 0.02598637, ..., 0.15546771, 0.15548446,
       0.15550144])
           sol: <scipy.interpolate._interpolate.PPoly object at 0x7fd6c1cd4770>
        status: 1
       success: False
             x: array([0.00000000e+00, 3.00030003e-04, 6.00060006e-04, ...,
       2.99939994e+00, 2.99969997e+00, 3.00000000e+00])
             y: array([[ 1.00000000e+00,  1.00060023e+00,  1.00120079e+00, ...,
         7.34644940e-01,  7.34214227e-01,  7.33783359e-01],
       [ 2.00000000e+00,  2.00110867e+00,  2.00221625e+00, ...,
        -1.43530606e+00, -1.43582419e+00, -1.43634261e+00],
       [ 2.47097490e+00,  2.47614135e+00,  2.48130670e+00, ...,
         8.80649997e-04,  4.40319533e-04,  0.00000000e+00],
       [-1.92215826e+01, -1.92191410e+01, -1.92166958e+01, ...,
        -1.65029660e-03, -8.25199929e-04, -1.83186799e-15]])
            yp: array([[ 2.        ,  2.00110867,  2.00221625, ..., -1.43530606,
        -1.43582419, -1.43634261],
       [ 3.69678523,  3.69315417,  3.68951644, ..., -1.39489635,
        -1.39582037, -1.3967445 ],
       [17.22158262, 17.21794056, 17.21429418, ..., -1.46763958,
        -1.46760325, -1.46756672],
       [ 8.35487451,  8.36684952,  8.3788527 , ...,  2.87039522,
         2.87154068,  2.87268522]])
       message: 'The maximum number of mesh nodes is exceeded.'
         niter: 1
             p: None
 rms_residuals: array([0.02608423, 0.02602959, 0.02597529, ..., 0.15553554, 0.15555139,
       0.15556747])
           sol: <scipy.interpolate._interpolate.PPoly object at 0x7fd6c1cd48b0>
        status: 1
       success: False
             x: array([0.00000000e+00, 3.00030003e-04, 6.00060006e-04, ...,
       2.99939994e+00, 2.99969997e+00, 3.00000000e+00])
             y: array([[ 1.00000000e+00,  1.00060023e+00,  1.00120079e+00, ...,
         7.37808058e-01,  7.37377940e-01,  7.36947667e-01],
       [ 2.00000000e+00,  2.00111518e+00,  2.00222929e+00, ...,
        -1.43332421e+00, -1.43384089e+00, -1.43435787e+00],
       [ 2.46423974e+00,  2.46942368e+00,  2.47460652e+00, ...,
         8.84447413e-04,  4.42218274e-04,  0.00000000e+00],
       [-1.92798824e+01, -1.92774506e+01, -1.92750152e+01, ...,
        -1.64835919e-03, -8.24232342e-04, -8.88178420e-16]])
            yp: array([[ 2.        ,  2.00111518,  2.00222929, ..., -1.43332421,
        -1.43384089, -1.43435787],
       [ 3.71850731,  3.71487974,  3.71124546, ..., -1.39047202,
        -1.39139464, -1.39231745],
       [17.27988236, 17.27625013, 17.27261359, ..., -1.47396776,
        -1.47393165, -1.47389533],
       [ 8.32119868,  8.33317925,  8.34518818, ...,  2.86641328,
         2.86756498,  2.86871574]])
       message: 'The maximum number of mesh nodes is exceeded.'
         niter: 1
             p: None
 rms_residuals: array([0.02607654, 0.02602171, 0.02596724, ..., 0.1556026 , 0.15561761,
       0.15563283])
           sol: <scipy.interpolate._interpolate.PPoly object at 0x7fd6c1cd4310>
        status: 1
       success: False
             x: array([0.00000000e+00, 3.00030003e-04, 6.00060006e-04, ...,
       2.99939994e+00, 2.99969997e+00, 3.00000000e+00])
             y: array([[ 1.00000000e+00,  1.00060023e+00,  1.00120079e+00, ...,
         7.40785931e-01,  7.40356375e-01,  7.39926664e-01],
       [ 2.00000000e+00,  2.00112127e+00,  2.00224146e+00, ...,
        -1.43145297e+00, -1.43196829e+00, -1.43248391e+00],
       [ 2.45794670e+00,  2.46314695e+00,  2.46834612e+00, ...,
         8.88022442e-04,  4.44005820e-04,  0.00000000e+00],
       [-1.93342453e+01, -1.93318228e+01, -1.93293965e+01, ...,
        -1.64652696e-03, -8.23317283e-04, -1.72084569e-15]])
            yp: array([[ 2.        ,  2.00112127,  2.00224146, ..., -1.43145297,
        -1.43196829, -1.43248391],
       [ 3.73879997,  3.73517567,  3.73154464, ..., -1.38629505,
        -1.38721633, -1.38813786],
       [17.33424535, 17.33062231, 17.32699496, ..., -1.47992534,
        -1.47988943, -1.47985333],
       [ 8.28973352,  8.30171908,  8.31373318, ...,  2.86265361,
         2.86381119,  2.86496783]])
       message: 'The maximum number of mesh nodes is exceeded.'
         niter: 1
             p: None
 rms_residuals: array([0.02607141, 0.02601642, 0.02596179, ..., 0.15566863, 0.15568283,
       0.15569727])
           sol: <scipy.interpolate._interpolate.PPoly object at 0x7fd6c1cd4720>
        status: 1
       success: False
             x: array([0.00000000e+00, 3.00030003e-04, 6.00060006e-04, ...,
       2.99939994e+00, 2.99969997e+00, 3.00000000e+00])
             y: array([[ 1.00000000e+00,  1.00060023e+00,  1.00120080e+00, ...,
         7.43587207e-01,  7.43158181e-01,  7.42729000e-01],
       [ 2.00000000e+00,  2.00112696e+00,  2.00225284e+00, ...,
        -1.42968797e+00, -1.43020202e+00, -1.43071636e+00],
       [ 2.45206920e+00,  2.45728466e+00,  2.46249904e+00, ...,
         8.91385464e-04,  4.45687360e-04,  0.00000000e+00],
       [-1.93849299e+01, -1.93825159e+01, -1.93800983e+01, ...,
        -1.64479608e-03, -8.22452837e-04, -1.88737914e-15]])
            yp: array([[ 2.        ,  2.00112696,  2.00225284, ..., -1.42968797,
        -1.43020202, -1.43071636],
       [ 3.75775224,  3.75413102,  3.75050305, ..., -1.38235559,
        -1.38327559, -1.38419588],
       [17.38492992, 17.38131548, 17.37769671, ..., -1.48552962,
        -1.48549391, -1.485458  ],
       [ 8.26034602,  8.2723361 ,  8.28435485, ...,  2.85910742,
         2.86027054,  2.86143271]])
       message: 'The maximum number of mesh nodes is exceeded.'
         niter: 1
             p: None
 rms_residuals: array([0.02606844, 0.0260133 , 0.02595852, ..., 0.15573337, 0.15574683,
       0.15576052])
           sol: <scipy.interpolate._interpolate.PPoly object at 0x7fd6c1cd4810>
        status: 1
       success: False
             x: array([0.00000000e+00, 3.00030003e-04, 6.00060006e-04, ...,
       2.99939994e+00, 2.99969997e+00, 3.00000000e+00])
             y: array([[ 1.00000000e+00,  1.00060023e+00,  1.00120080e+00, ...,
         7.46220411e-01,  7.45791884e-01,  7.45363203e-01],
       [ 2.00000000e+00,  2.00113227e+00,  2.00226346e+00, ...,
        -1.42802478e+00, -1.42853762e+00, -1.42905076e+00],
       [ 2.44658186e+00,  2.45181149e+00,  2.45704004e+00, ...,
         8.94546714e-04,  4.47268012e-04,  0.00000000e+00],
       [-1.94321785e+01, -1.94297725e+01, -1.94273629e+01, ...,
        -1.64316261e-03, -8.21637038e-04, -2.85882429e-15]])
            yp: array([[ 2.        ,  2.00113227,  2.00226346, ..., -1.42802478,
        -1.42853762, -1.42905076],
       [ 3.77544829,  3.77182996,  3.76820486, ..., -1.37864363,
        -1.37956241, -1.38048151],
       [17.43217846, 17.42857204, 17.42496129, ..., -1.49079766,
        -1.49076213, -1.49072641],
       [ 8.23290928,  8.24490342,  8.25692639, ...,  2.85576579,
         2.85693412,  2.85810152]])
       message: 'The maximum number of mesh nodes is exceeded.'
         niter: 1
             p: None
 rms_residuals: array([0.02606727, 0.026012  , 0.0259571 , ..., 0.15579661, 0.15580938,
       0.15582237])
           sol: <scipy.interpolate._interpolate.PPoly object at 0x7fd6c1cd49f0>
        status: 1
       success: False
             x: array([0.00000000e+00, 3.00030003e-04, 6.00060006e-04, ...,
       2.99939994e+00, 2.99969997e+00, 3.00000000e+00])
             y: array([[ 1.00000000e+00,  1.00060023e+00,  1.00120080e+00, ...,
         7.48693908e-01,  7.48265851e-01,  7.47837640e-01],
       [ 2.00000000e+00,  2.00113723e+00,  2.00227337e+00, ...,
        -1.42645893e+00, -1.42697064e+00, -1.42748264e+00],
       [ 2.44146049e+00,  2.44670334e+00,  2.45194511e+00, ...,
         8.97516233e-04,  4.48752797e-04,  0.00000000e+00],
       [-1.94762182e+01, -1.94738198e+01, -1.94714176e+01, ...,
        -1.64162255e-03, -8.20867889e-04, -8.60422844e-16]])
            yp: array([[ 2.        ,  2.00113723,  2.00227337, ..., -1.42645893,
        -1.42697064, -1.42748264],
       [ 3.79196755,  3.78835194,  3.78472953, ..., -1.37514914,
        -1.37606675, -1.37698472],
       [17.47621822, 17.4726193 , 17.46901604, ..., -1.49574619,
        -1.49571083, -1.49567528],
       [ 8.20730245,  8.21930026,  8.23132703, ...,  2.85261974,
         2.85379298,  2.85496528]])
       message: 'The maximum number of mesh nodes is exceeded.'
         niter: 1
             p: None
 rms_residuals: array([0.02606762, 0.02601224, 0.02595721, ..., 0.15585816, 0.15587027,
       0.15588262])
           sol: <scipy.interpolate._interpolate.PPoly object at 0x7fd6c1cd4860>
        status: 1
       success: False
             x: array([0.00000000e+00, 3.00030003e-04, 6.00060006e-04, ...,
       2.99939994e+00, 2.99969997e+00, 3.00000000e+00])
             y: array([[ 1.00000000e+00,  1.00060023e+00,  1.00120081e+00, ...,
         7.51015870e-01,  7.50588255e-01,  7.50160486e-01],
       [ 2.00000000e+00,  2.00114185e+00,  2.00228262e+00, ...,
        -1.42498596e+00, -1.42549661e+00, -1.42600754e+00],
       [ 2.43668215e+00,  2.44193732e+00,  2.44719141e+00, ...,
         9.00303831e-04,  4.50146620e-04,  0.00000000e+00],
       [-1.95172621e+01, -1.95148707e+01, -1.95124756e+01, ...,
        -1.64017188e-03, -8.20143379e-04, -8.32667268e-17]])
            yp: array([[ 2.        ,  2.00114185,  2.00228262, ..., -1.42498596,
        -1.42549661, -1.42600754],
       [ 3.80738495,  3.80377188,  3.800152  , ..., -1.37186207,
        -1.37277858, -1.37369547],
       [17.51726215, 17.51367023, 17.51007396, ..., -1.50039157,
        -1.50035637, -1.50032097],
       [ 8.18341077,  8.1954119 ,  8.20744214, ...,  2.84966031,
         2.85083817,  2.85201508]])
       message: 'The maximum number of mesh nodes is exceeded.'
         niter: 1
             p: None
 rms_residuals: array([0.0260692 , 0.0260137 , 0.02595858, ..., 0.15591787, 0.15592937,
       0.1559411 ])
           sol: <scipy.interpolate._interpolate.PPoly object at 0x7fd6c1cd47c0>
        status: 1
       success: False
             x: array([0.00000000e+00, 3.00030003e-04, 6.00060006e-04, ...,
       2.99939994e+00, 2.99969997e+00, 3.00000000e+00])
             y: array([[ 1.00000000e+00,  1.00060023e+00,  1.00120081e+00, ...,
         7.53194246e-01,  7.52767047e-01,  7.52339694e-01],
       [ 2.00000000e+00,  2.00114617e+00,  2.00229126e+00, ...,
        -1.42360145e+00, -1.42411109e+00, -1.42462102e+00],
       [ 2.43222511e+00,  2.43749175e+00,  2.44275731e+00, ...,
         9.02919052e-04,  4.51454253e-04,  0.00000000e+00],
       [-1.95555097e+01, -1.95531248e+01, -1.95507362e+01, ...,
        -1.63880658e-03, -8.19461503e-04, -1.74860126e-15]])
            yp: array([[ 2.        ,  2.00114617,  2.00229126, ..., -1.42360145,
        -1.42411109, -1.42462102],
       [ 3.82177107,  3.81816038,  3.81454286, ..., -1.36877252,
        -1.36968798, -1.37060383],
       [17.55550971, 17.55192432, 17.54833458, ..., -1.50474969,
        -1.50471463, -1.50467939],
       [ 8.16112553,  8.17312968,  8.18516305, ...,  2.84687861,
         2.8480608 ,  2.84924205]])
       message: 'The maximum number of mesh nodes is exceeded.'
         niter: 1
             p: None
 rms_residuals: array([0.02607178, 0.02601619, 0.02596096, ..., 0.1559756 , 0.15598653,
       0.15599769])
           sol: <scipy.interpolate._interpolate.PPoly object at 0x7fd6c1cd4d10>
        status: 1
       success: False
             x: array([0.00000000e+00, 3.00030003e-04, 6.00060006e-04, ...,
       2.99939994e+00, 2.99969997e+00, 3.00000000e+00])
             y: array([[ 1.00000000e+00,  1.00060023e+00,  1.00120081e+00, ...,
         7.55236745e-01,  7.54809936e-01,  7.54382974e-01],
       [ 2.00000000e+00,  2.00115019e+00,  2.00229931e+00, ...,
        -1.42230103e+00, -1.42280973e+00, -1.42331873e+00],
       [ 2.42806878e+00,  2.43334612e+00,  2.43862238e+00, ...,
         9.05371149e-04,  4.52680323e-04,  0.00000000e+00],
       [-1.95911476e+01, -1.95887688e+01, -1.95863863e+01, ...,
        -1.63752265e-03, -8.18820265e-04, -3.30291350e-15]])
            yp: array([[ 2.        ,  2.00115019,  2.00229931, ..., -1.42230103,
        -1.42280973, -1.42331873],
       [ 3.83519234,  3.83158388,  3.82796858, ..., -1.36587069,
        -1.36678515, -1.36770002],
       [17.59114763, 17.58756833, 17.58398468, ..., -1.50883597,
        -1.50880105, -1.50876595],
       [ 8.14034391,  8.1523508 ,  8.16438702, ...,  2.84426588,
         2.84545214,  2.84663745]])
       message: 'The maximum number of mesh nodes is exceeded.'
         niter: 1
             p: None
 rms_residuals: array([0.02607516, 0.0260195 , 0.02596418, ..., 0.15603126, 0.15604165,
       0.15605228])
           sol: <scipy.interpolate._interpolate.PPoly object at 0x7fd6c1cd4db0>
        status: 1
       success: False
             x: array([0.00000000e+00, 3.00030003e-04, 6.00060006e-04, ...,
       2.99939994e+00, 2.99969997e+00, 3.00000000e+00])
             y: array([[ 1.00000000e+00,  1.00060023e+00,  1.00120081e+00, ...,
         7.57150814e-01,  7.56724371e-01,  7.56297776e-01],
       [ 2.00000000e+00,  2.00115395e+00,  2.00230682e+00, ...,
        -1.42108043e+00, -1.42158825e+00, -1.42209637e+00],
       [ 2.42419377e+00,  2.42948107e+00,  2.43476729e+00, ...,
         9.07669063e-04,  4.53829299e-04,  0.00000000e+00],
       [-1.96243507e+01, -1.96219775e+01, -1.96196007e+01, ...,
        -1.63631614e-03, -8.18217691e-04, -2.74780199e-15]])
            yp: array([[ 2.        ,  2.00115395,  2.00230682, ..., -1.42108043,
        -1.42158825, -1.42209637],
       [ 3.84771126,  3.84410489,  3.84049166, ..., -1.36314701,
        -1.36406053, -1.36497447],
       [17.62435065, 17.62077703, 17.61719906, ..., -1.51266531,
        -1.51263052, -1.51259555],
       [ 8.12096885,  8.13297824,  8.14501706, ...,  2.84181352,
         2.8430036 ,  2.84419274]])
       message: 'The maximum number of mesh nodes is exceeded.'
         niter: 1
             p: None
 rms_residuals: array([0.02607919, 0.02602343, 0.02596804, ..., 0.15608477, 0.15609467,
       0.1561048 ])
           sol: <scipy.interpolate._interpolate.PPoly object at 0x7fd6c1cd4d60>
        status: 1
       success: False
             x: array([0.00000000e+00, 3.00030003e-04, 6.00060006e-04, ...,
       2.99939994e+00, 2.99969997e+00, 3.00000000e+00])
             y: array([[ 1.00000000e+00,  1.00060023e+00,  1.00120081e+00, ...,
         7.58943626e-01,  7.58517527e-01,  7.58091275e-01],
       [ 2.00000000e+00,  2.00115745e+00,  2.00231383e+00, ...,
        -1.41993548e+00, -1.42044248e+00, -1.42094977e+00],
       [ 2.42058177e+00,  2.42587835e+00,  2.43117386e+00, ...,
         9.09821405e-04,  4.54905488e-04,  0.00000000e+00],
       [-1.96552822e+01, -1.96529144e+01, -1.96505429e+01, ...,
        -1.63518318e-03, -8.17651851e-04, -3.35842465e-15]])
            yp: array([[ 2.        ,  2.00115745,  2.00231383, ..., -1.41993548,
        -1.42044248, -1.42094977],
       [ 3.85938654,  3.85578212,  3.85217084, ..., -1.36059214,
        -1.36150477, -1.36241783],
       [17.65528222, 17.6517139 , 17.64814123, ..., -1.51625207,
        -1.5162174 , -1.51618255],
       [ 8.10290887,  8.11492052,  8.12696171, ...,  2.83951317,
         2.84070683,  2.84189954]])
       message: 'The maximum number of mesh nodes is exceeded.'
         niter: 1
             p: None
 rms_residuals: array([0.02608368, 0.02602785, 0.02597239, ..., 0.15613609, 0.15614553,
       0.1561552 ])
           sol: <scipy.interpolate._interpolate.PPoly object at 0x7fd6c1cd4b30>
        status: 1
       success: False
             x: array([0.00000000e+00, 3.00030003e-04, 6.00060006e-04, ...,
       2.99939994e+00, 2.99969997e+00, 3.00000000e+00])
             y: array([[ 1.00000000e+00,  1.00060023e+00,  1.00120082e+00, ...,
         7.60622075e-01,  7.60196298e-01,  7.59770369e-01],
       [ 2.00000000e+00,  2.00116072e+00,  2.00232036e+00, ...,
        -1.41886213e+00, -1.41936836e+00, -1.41987488e+00],
       [ 2.41721556e+00,  2.42252079e+00,  2.42782494e+00, ...,
         9.11836450e-04,  4.55913028e-04,  0.00000000e+00],
       [-1.96840952e+01, -1.96817323e+01, -1.96793657e+01, ...,
        -1.63411999e-03, -8.17120855e-04, -7.21644966e-16]])
            yp: array([[ 2.        ,  2.00116072,  2.00232036, ..., -1.41886213,
        -1.41936836, -1.41987488],
       [ 3.87027334,  3.86667076,  3.86306128, ..., -1.35819703,
        -1.35910881, -1.36002103],
       [17.68409519, 17.68053181, 17.67696407, ..., -1.51961003,
        -1.51957547, -1.51954074],
       [ 8.08607782,  8.09809155,  8.1101349 , ...,  2.83735667,
         2.83855368,  2.83974975]])
       message: 'The maximum number of mesh nodes is exceeded.'
         niter: 1
             p: None
 rms_residuals: array([0.02608854, 0.02603264, 0.02597712, ..., 0.1561852 , 0.15619421,
       0.15620344])
           sol: <scipy.interpolate._interpolate.PPoly object at 0x7fd6c1cd4e50>
        status: 1
       success: False
             x: array([0.00000000e+00, 3.00030003e-04, 6.00060006e-04, ...,
       2.99939994e+00, 2.99969997e+00, 3.00000000e+00])
             y: array([[ 1.00000000e+00,  1.00060023e+00,  1.00120082e+00, ...,
         7.62192764e-01,  7.61767289e-01,  7.61341662e-01],
       [ 2.00000000e+00,  2.00116377e+00,  2.00232646e+00, ...,
        -1.41785646e+00, -1.41836196e+00, -1.41886776e+00],
       [ 2.41407895e+00,  2.41939222e+00,  2.42470443e+00, ...,
         9.13722127e-04,  4.56855882e-04,  0.00000000e+00],
       [-1.97109324e+01, -1.97085741e+01, -1.97062121e+01, ...,
        -1.63312288e-03, -8.16622859e-04, -1.08246745e-15]])
            yp: array([[ 2.        ,  2.00116377,  2.00232646, ..., -1.41785646,
        -1.41836196, -1.41886776],
       [ 3.88042343,  3.87682255,  3.87321478, ..., -1.35595289,
        -1.35686388, -1.35777531],
       [17.71093242, 17.70737364, 17.7038105 , ..., -1.52275241,
        -1.52271795, -1.52268332],
       [ 8.07039473,  8.08241035,  8.09445567, ...,  2.83533614,
         2.8365363 ,  2.83773551]])
       message: 'The maximum number of mesh nodes is exceeded.'
         niter: 1
             p: None
 rms_residuals: array([0.02609364, 0.02603768, 0.02598211, ..., 0.15623209, 0.15624069,
       0.15624952])
           sol: <scipy.interpolate._interpolate.PPoly object at 0x7fd6c1cd4f40>
        status: 1
       success: False
             x: array([0.00000000e+00, 3.00030003e-04, 6.00060006e-04, ...,
       2.99939994e+00, 2.99969997e+00, 3.00000000e+00])
             y: array([[ 1.00000000e+00,  1.00060024e+00,  1.00120082e+00, ...,
         7.63662009e-01,  7.63236816e-01,  7.62811472e-01],
       [ 2.00000000e+00,  2.00116660e+00,  2.00233213e+00, ...,
        -1.41691468e+00, -1.41741951e+00, -1.41792462e+00],
       [ 2.41115671e+00,  2.41647749e+00,  2.42179720e+00, ...,
         9.15486016e-04,  4.57737841e-04,  0.00000000e+00],
       [-1.97359274e+01, -1.97335734e+01, -1.97312157e+01, ...,
        -1.63218828e-03, -8.16156083e-04, -3.10862447e-15]])
            yp: array([[ 2.        ,  2.0011666 ,  2.00233213, ..., -1.41691468,
        -1.41741951, -1.41792462],
       [ 3.88988537,  3.88628609,  3.8826799 , ..., -1.35385128,
        -1.35476152, -1.35567221],
       [17.73592743, 17.73237294, 17.72881409, ..., -1.52569183,
        -1.52565748, -1.52562294],
       [ 8.05578354,  8.06780089,  8.07984803, ...,  2.83344399,
         2.83464709,  2.83584925]])
       message: 'The maximum number of mesh nodes is exceeded.'
         niter: 1
             p: None
 rms_residuals: array([0.02609891, 0.0260429 , 0.02598725, ..., 0.15627678, 0.156285  ,
       0.15629346])
           sol: <scipy.interpolate._interpolate.PPoly object at 0x7fd6c1cd4cc0>
        status: 1
       success: False
             x: array([0.00000000e+00, 3.00030003e-04, 6.00060006e-04, ...,
       2.99939994e+00, 2.99969997e+00, 3.00000000e+00])
             y: array([[ 1.00000000e+00,  1.00060024e+00,  1.00120082e+00, ...,
         7.65035833e-01,  7.64610905e-01,  7.64185826e-01],
       [ 2.00000000e+00,  2.00116925e+00,  2.00233743e+00, ...,
        -1.41603316e+00, -1.41653735e+00, -1.41704183e+00],
       [ 2.40843458e+00,  2.41376234e+00,  2.41908903e+00, ...,
         9.17135350e-04,  4.58562522e-04,  0.00000000e+00],
       [-1.97592050e+01, -1.97568549e+01, -1.97545013e+01, ...,
        -1.63131274e-03, -8.15718801e-04, -1.05471187e-15]])
            yp: array([[ 2.        ,  2.00116925,  2.00233743, ..., -1.41603316,
        -1.41653735, -1.41704183],
       [ 3.89870466,  3.89510687,  3.89150216, ..., -1.35188408,
        -1.35279361, -1.3537036 ],
       [17.75920496, 17.75565447, 17.75209962, ..., -1.52844035,
        -1.52840609, -1.52837165],
       [ 8.04217288,  8.05419182,  8.06624061, ...,  2.8316729 ,
         2.83287876,  2.83408367]])
       message: 'The maximum number of mesh nodes is exceeded.'
         niter: 1
             p: None
 rms_residuals: array([0.02610427, 0.0260482 , 0.0259925 , ..., 0.15631927, 0.15632715,
       0.15633525])
           sol: <scipy.interpolate._interpolate.PPoly object at 0x7fd6c1cd4f90>
        status: 1
       success: False
             x: array([0.00000000e+00, 3.00030003e-04, 6.00060006e-04, ...,
       2.99939994e+00, 2.99969997e+00, 3.00000000e+00])
             y: array([[ 1.00000000e+00,  1.00060024e+00,  1.00120082e+00, ...,
         7.66319974e-01,  7.65895293e-01,  7.65470462e-01],
       [ 2.00000000e+00,  2.00117172e+00,  2.00234236e+00, ...,
        -1.41520840e+00, -1.41571201e+00, -1.41621589e+00],
       [ 2.40589917e+00,  2.41123343e+00,  2.41656664e+00, ...,
         9.18677016e-04,  4.59333368e-04,  0.00000000e+00],
       [-1.97808815e+01, -1.97785352e+01, -1.97761853e+01, ...,
        -1.63049294e-03, -8.15309356e-04, -5.30131494e-15]])
            yp: array([[ 2.        ,  2.00117172,  2.00234236, ..., -1.4152084 ,
        -1.41571201, -1.41621589],
       [ 3.90692398,  3.90332758,  3.89972425, ..., -1.35004349,
        -1.35095236, -1.35186169],
       [17.78088151, 17.77733474, 17.77378361, ..., -1.53100945,
        -1.53097528, -1.53094092],
       [ 8.02949584,  8.04151623,  8.05356655, ...,  2.83001586,
         2.8312243 ,  2.83243179]])
       message: 'The maximum number of mesh nodes is exceeded.'
         niter: 1
             p: None
 rms_residuals: array([0.02610963, 0.02605351, 0.02599777, ..., 0.15635963, 0.15636718,
       0.15637496])
           sol: <scipy.interpolate._interpolate.PPoly object at 0x7fd6c1cf3040>
        status: 1
       success: False
             x: array([0.00000000e+00, 3.00030003e-04, 6.00060006e-04, ...,
       2.99939994e+00, 2.99969997e+00, 3.00000000e+00])
             y: array([[ 1.00000000e+00,  1.00060024e+00,  1.00120082e+00, ...,
         7.67519884e-01,  7.67095435e-01,  7.66670835e-01],
       [ 2.00000000e+00,  2.00117402e+00,  2.00234696e+00, ...,
        -1.41443708e+00, -1.41494013e+00, -1.41544346e+00],
       [ 2.40353795e+00,  2.40887827e+00,  2.41421753e+00, ...,
         9.20117560e-04,  4.60053652e-04,  0.00000000e+00],
       [-1.98010659e+01, -1.97987230e+01, -1.97963765e+01, ...,
        -1.62972567e-03, -8.14926151e-04, -1.05471187e-15]])
            yp: array([[ 2.        ,  2.00117402,  2.00234696, ..., -1.41443708,
        -1.41494013, -1.41544346],
       [ 3.91458326,  3.91098816,  3.90738612, ..., -1.34832208,
        -1.34923033, -1.35013904],
       [17.80106585, 17.79752256, 17.7939749 , ..., -1.53341004,
        -1.53337594, -1.53334167],
       [ 8.01768973,  8.02971146,  8.04176317, ...,  2.82846618,
         2.82967702,  2.83088692]])
