{'sol': <scipy.interpolate._interpolate.PPoly object at 0x7fd6e2a10720>, 'p': None, 'x': array([0.00000000e+00, 3.00030003e-04, 6.00060006e-04, ...,
       2.99939994e+00, 2.99969997e+00, 3.00000000e+00]), 'y': array([[ 1.50000000e+00,  1.50044990e+00,  1.50089949e+00, ...,
        -1.57788591e+00, -1.57852388e+00, -1.57916145e+00],
       [ 1.50000000e+00,  1.49900409e+00,  1.49800780e+00, ...,
        -2.12705826e+00, -2.12569339e+00, -2.12432751e+00],
       [-5.02531070e+00, -5.02834036e+00, -5.03136839e+00, ...,
        -1.89524880e-03, -9.47608144e-04,  0.00000000e+00],
       [ 7.10059963e+00,  7.09424446e+00,  7.08788778e+00, ...,
        -2.76784422e-03, -1.38478717e-03,  0.00000000e+00]]), 'yp': array([[  1.5       ,   1.49900409,   1.4980078 , ...,  -2.12705826,
         -2.12569339,  -2.12432751],
       [ -3.35664209,  -3.35788686,  -3.35912743, ...,   4.7466084 ,
          4.74949718,   4.75237756],
       [-10.10059963, -10.09514425, -10.08968676, ...,   3.15853966,
          3.15843256,   3.1583229 ],
       [-21.76345929, -21.768257  , -21.77303828, ...,   4.23537608,
          4.24201411,   4.24865503]]), 'rms_residuals': array([0.02967512, 0.02965583, 0.02963648, ..., 0.08664765, 0.08635154,
       0.08605557]), 'niter': 1, 'status': 1, 'message': 'The maximum number of mesh nodes is exceeded.', 'success': False}
       message: 'The maximum number of mesh nodes is exceeded.'
         niter: 1
             p: None
 rms_residuals: array([1.94478375e-05, 2.49136436e-05, 3.32502377e-05, ...,
       1.07542027e-01, 1.06913452e-01, 1.06282250e-01])
           sol: <scipy.interpolate._interpolate.PPoly object at 0x7fd698ccc310>
        status: 1
       success: False
             x: array([0.00000000e+00, 3.00030003e-04, 6.00060006e-04, ...,
       2.99939994e+00, 2.99969997e+00, 3.00000000e+00])
             y: array([[ 1.50000000e+00,  1.50044988e+00,  1.50089942e+00, ...,
        -5.57188796e-01, -5.57959375e-01, -5.58730082e-01],
       [ 1.50000000e+00,  1.49888514e+00,  1.49777005e+00, ...,
        -2.56812640e+00, -2.56855486e+00, -2.56898208e+00],
       [-2.23519469e+00, -2.23721785e+00, -2.23924033e+00, ...,
        -6.70543167e-04, -3.35271578e-04,  0.00000000e+00],
       [ 3.74434867e+00,  3.74116393e+00,  3.73797821e+00, ...,
        -3.08264201e-03, -1.54143192e-03,  0.00000000e+00]])
            yp: array([[  1.5       ,   1.49888514,   1.49777005, ...,  -2.5681264 ,
         -2.56855486,  -2.56898208],
       [ -3.71534366,  -3.71611846,  -3.71688866, ...,  -1.21350604,
         -1.21089003,  -1.20826896],
       [ -6.74434867,  -6.74206368,  -6.73977705, ...,   1.11746023,
          1.11746018,   1.11746016],
       [-10.61313494, -10.61649821, -10.61985294, ...,   5.13578886,
          5.13687502,   5.13796417]])
       message: 'The maximum number of mesh nodes is exceeded.'
         niter: 1
             p: None
 rms_residuals: array([2.40609608e-05, 2.40641932e-05, 2.40674303e-05, ...,
       1.05748739e-04, 1.05793401e-04, 1.05839749e-04])
           sol: <scipy.interpolate._interpolate.PPoly object at 0x7fd6e2a105e0>
        status: 1
       success: False
             x: array([0.00000000e+00, 3.00030003e-04, 6.00060006e-04, ...,
       2.99939994e+00, 2.99969997e+00, 3.00000000e+00])
             y: array([[ 1.50000000e+00,  1.50044987e+00,  1.50089940e+00, ...,
        -6.17529770e-02, -6.23153888e-02, -6.28779632e-02],
       [ 1.50000000e+00,  1.49884940e+00,  1.49769862e+00, ...,
        -1.87424797e+00, -1.87478961e+00, -1.87533124e+00],
       [ 2.08877113e+00,  2.08843506e+00,  2.08809817e+00, ...,
        -7.54612310e-05, -3.77305671e-05,  0.00000000e+00],
       [-1.88125762e+00, -1.87941706e+00, -1.87757775e+00, ...,
        -2.25061755e-03, -1.12531001e-03, -4.93612557e-17]])
            yp: array([[ 1.5       ,  1.4988494 ,  1.49769862, ..., -1.87424797,
        -1.87478961, -1.87533124],
       [-3.83449236, -3.83512413, -3.83575116, ..., -1.80508738,
        -1.80506384, -1.8050389 ],
       [-1.11874238, -1.12148269, -1.12422105, ...,  0.12575657,
         0.12575609,  0.12575593],
       [ 6.1366692 ,  6.13249343,  6.12831185, ...,  3.75064504,
         3.75065361,  3.75066248]])
       message: 'The maximum number of mesh nodes is exceeded.'
         niter: 1
             p: None
 rms_residuals: array([1.43046937e-05, 1.43111958e-05, 1.43177001e-05, ...,
       1.23391112e-04, 1.23279315e-04, 1.23168410e-04])
           sol: <scipy.interpolate._interpolate.PPoly object at 0x7fd6e2a10770>
        status: 1
       success: False
             x: array([0.00000000e+00, 3.00030003e-04, 6.00060006e-04, ...,
       2.99939994e+00, 2.99969997e+00, 3.00000000e+00])
             y: array([[ 1.50000000e+00,  1.50044988e+00,  1.50089943e+00, ...,
         3.58312232e-02,  3.53070456e-02,  3.47827078e-02],
       [ 1.50000000e+00,  1.49890518e+00,  1.49781009e+00, ...,
        -1.74681668e+00, -1.74735087e+00, -1.74788512e+00],
       [ 2.73224098e+00,  2.73216476e+00,  2.73208749e+00, ...,
         4.17432957e-05,  2.08716959e-05,  0.00000000e+00],
       [-2.74769879e+00, -2.74512133e+00, -2.74254506e+00, ...,
        -2.09767061e-03, -1.04883563e-03, -2.97705245e-17]])
            yp: array([[ 1.5       ,  1.49890518,  1.49781009, ..., -1.74681668,
        -1.74735087, -1.74788512],
       [-3.64853101, -3.64940525, -3.65027486, ..., -1.78008444,
        -1.78031927, -1.78055318],
       [-0.25230121, -0.25577844, -0.25925381, ..., -0.06956478,
        -0.06956526, -0.06956542],
       [ 8.59270187,  8.5886997 ,  8.58468944, ...,  3.49576486,
         3.49576756,  3.49577025]])
       message: 'The maximum number of mesh nodes is exceeded.'
         niter: 1
             p: None
 rms_residuals: array([3.59070705e-06, 3.60135944e-06, 3.61200755e-06, ...,
       1.38196005e-04, 1.38039238e-04, 1.37883118e-04])
           sol: <scipy.interpolate._interpolate.PPoly object at 0x7fd6e2a10540>
        status: 1
       success: False
             x: array([0.00000000e+00, 3.00030003e-04, 6.00060006e-04, ...,
       2.99939994e+00, 2.99969997e+00, 3.00000000e+00])
             y: array([[ 1.50000000e+00,  1.50044989e+00,  1.50089947e+00, ...,
         7.91752398e-02,  7.86691850e-02,  7.81629721e-02],
       [ 1.50000000e+00,  1.49896279e+00,  1.49792525e+00, ...,
        -1.68641755e+00, -1.68694413e+00, -1.68747081e+00],
       [ 3.01652902e+00,  3.01657955e+00,  3.01662894e+00, ...,
         9.38048221e-05,  4.69024579e-05,  0.00000000e+00],
       [-3.17030720e+00, -3.16741904e+00, -3.16453198e+00, ...,
        -2.02516025e-03, -1.01258194e-03,  7.83149490e-17]])
            yp: array([[ 1.5       ,  1.49896279,  1.49792525, ..., -1.68641755,
        -1.68694413, -1.68747081],
       [-3.45643987, -3.4575612 , -3.45867804, ..., -1.75465961,
        -1.75499231, -1.75532426],
       [ 0.1703072 ,  0.16651926,  0.16273305, ..., -0.15632532,
        -0.15632579, -0.15632594],
       [ 9.6280256 ,  9.62439461,  9.62075448, ...,  3.37491631,
         3.37492902,  3.37494162]])
       message: 'The maximum number of mesh nodes is exceeded.'
         niter: 1
             p: None
 rms_residuals: array([1.97680828e-05, 5.62386327e-05, 9.33332274e-05, ...,
       5.92724910e-01, 5.92846007e-01, 5.92966687e-01])
           sol: <scipy.interpolate._interpolate.PPoly object at 0x7fd6e2a106d0>
        status: 1
       success: False
             x: array([0.00000000e+00, 3.00030003e-04, 6.00060006e-04, ...,
       2.99939994e+00, 2.99969997e+00, 3.00000000e+00])
             y: array([[ 1.50000000e+00,  1.50044990e+00,  1.50089950e+00, ...,
         1.44128489e-01,  1.43564782e-01,  1.43000752e-01],
       [ 1.50000000e+00,  1.49901522e+00,  1.49803004e+00, ...,
        -1.87829409e+00, -1.87937361e+00, -1.88045369e+00],
       [ 3.11313180e+00,  3.11317248e+00,  3.11321198e+00, ...,
         1.71617608e-04,  8.58089750e-05,  0.00000000e+00],
       [-3.13759587e+00, -3.13453592e+00, -3.13147682e+00, ...,
        -2.25775061e-03, -1.12863023e-03, -1.04368066e-14]])
            yp: array([[ 1.5       ,  1.49901522,  1.49803004, ..., -1.87829409,
        -1.87937361, -1.88045369],
       [-3.28163653, -3.28297902, -3.28431712, ..., -1.98301429,
        -1.98400766, -1.98500064],
       [ 0.13759587,  0.13363613,  0.12967782, ..., -0.28599923,
        -0.28600093, -0.2860015 ],
       [10.20023003, 10.19701871, 10.19379822, ...,  3.75887774,
         3.75989209,  3.76090737]])
       message: 'The maximum number of mesh nodes is exceeded.'
         niter: 1
             p: None
 rms_residuals: array([1.62314908e-05, 1.62115739e-05, 1.61916710e-05, ...,
       1.52656293e-04, 1.52475621e-04, 1.52295399e-04])
           sol: <scipy.interpolate._interpolate.PPoly object at 0x7fd6e2a10450>
        status: 1
       success: False
             x: array([0.00000000e+00, 3.00030003e-04, 6.00060006e-04, ...,
       2.99939994e+00, 2.99969997e+00, 3.00000000e+00])
             y: array([[ 1.50000000e+00,  1.50044990e+00,  1.50089952e+00, ...,
         1.10818541e-01,  1.10334007e-01,  1.09849319e-01],
       [ 1.50000000e+00,  1.49905667e+00,  1.49811288e+00, ...,
        -1.61469649e+00, -1.61520826e+00, -1.61572016e+00],
       [ 3.19343316e+00,  3.19357989e+00,  3.19372544e+00, ...,
         1.31832246e-04,  6.59161680e-05,  0.00000000e+00],
       [-3.49103930e+00, -3.48797941e+00, -3.48492040e+00, ...,
        -1.93904424e-03, -9.69525592e-04,  5.46600346e-18]])
            yp: array([[ 1.5       ,  1.49905667,  1.49811288, ..., -1.61469649,
        -1.61520826, -1.61572016],
       [-3.14342943, -3.14495681, -3.14647992, ..., -1.70526009,
        -1.70566675, -1.70607279],
       [ 0.4910393 ,  0.4870796 ,  0.48312135, ..., -0.21969804,
        -0.21969849, -0.21969864],
       [10.20008324, 10.19716323, 10.19423337, ...,  3.23139286,
         3.23141667,  3.23144032]])
       message: 'The maximum number of mesh nodes is exceeded.'
         niter: 1
             p: None
 rms_residuals: array([3.06229222e-05, 6.06799370e-05, 9.58221790e-05, ...,
       6.02796736e-01, 6.02924656e-01, 6.03052167e-01])
           sol: <scipy.interpolate._interpolate.PPoly object at 0x7fd6e2a10ae0>
        status: 1
       success: False
             x: array([0.00000000e+00, 3.00030003e-04, 6.00060006e-04, ...,
       2.99939994e+00, 2.99969997e+00, 3.00000000e+00])
             y: array([[ 1.50000000e+00,  1.50044991e+00,  1.50089955e+00, ...,
         1.63088237e-01,  1.62539854e-01,  1.61991150e-01],
       [ 1.50000000e+00,  1.49909513e+00,  1.49818976e+00, ...,
        -1.82722718e+00, -1.82829552e+00, -1.82936445e+00],
       [ 3.25879341e+00,  3.25891593e+00,  3.25903721e+00, ...,
         1.94408369e-04,  9.72043542e-05,  0.00000000e+00],
       [-3.41038125e+00, -3.40718314e+00, -3.40398569e+00, ...,
        -2.19643425e-03, -1.09797285e-03, -1.50036482e-14]])
            yp: array([[ 1.5       ,  1.49909513,  1.49818976, ..., -1.82722718,
        -1.82829552, -1.82936445],
       [-3.01519158, -3.01687351, -3.01855127, ..., -1.94127809,
        -1.94231468, -1.943351  ],
       [ 0.41038125,  0.40628332,  0.40218659, ..., -0.32398004,
        -0.32398174, -0.3239823 ],
       [10.66038721, 10.65781828, 10.65523959, ...,  3.65667091,
         3.65769944,  3.6587289 ]])
       message: 'The maximum number of mesh nodes is exceeded.'
         niter: 1
             p: None
 rms_residuals: array([3.69231666e-05, 6.47111621e-05, 9.92443652e-05, ...,
       6.05175195e-01, 6.05287217e-01, 6.05398819e-01])
           sol: <scipy.interpolate._interpolate.PPoly object at 0x7fd6e2a109f0>
        status: 1
       success: False
             x: array([0.00000000e+00, 3.00030003e-04, 6.00060006e-04, ...,
       2.99939994e+00, 2.99969997e+00, 3.00000000e+00])
             y: array([[ 1.50000000e+00,  1.50044991e+00,  1.50089956e+00, ...,
         1.62749320e-01,  1.62206061e-01,  1.61662483e-01],
       [ 1.50000000e+00,  1.49912469e+00,  1.49824884e+00, ...,
        -1.81015273e+00, -1.81121516e+00, -1.81227816e+00],
       [ 3.18636188e+00,  3.18646157e+00,  3.18656005e+00, ...,
         1.94013931e-04,  9.70071341e-05,  0.00000000e+00],
       [-3.33425694e+00, -3.33114978e+00, -3.32804321e+00, ...,
        -2.17592137e-03, -1.08771822e-03, -1.36003971e-14]])
            yp: array([[ 1.5       ,  1.49912469,  1.49824884, ..., -1.81015273,
        -1.81121516, -1.81227816],
       [-2.9166342 , -2.91844516, -2.92025205, ..., -1.92449638,
        -1.92553693, -1.92657719],
       [ 0.33425694,  0.33024995,  0.32624408, ..., -0.32332272,
        -0.3233244 , -0.32332497],
       [10.35716918, 10.35478615, 10.35239354, ...,  3.62250345,
         3.62352943,  3.62455633]])
       message: 'The maximum number of mesh nodes is exceeded.'
         niter: 1
             p: None
 rms_residuals: array([3.75990405e-05, 3.75663827e-05, 3.75337608e-05, ...,
       1.58820401e-04, 1.58629464e-04, 1.58438995e-04])
           sol: <scipy.interpolate._interpolate.PPoly object at 0x7fd6e2a10bd0>
        status: 1
       success: False
             x: array([0.00000000e+00, 3.00030003e-04, 6.00060006e-04, ...,
       2.99939994e+00, 2.99969997e+00, 3.00000000e+00])
             y: array([[ 1.50000000e+00,  1.50044992e+00,  1.50089958e+00, ...,
         1.22095331e-01,  1.21625690e-01,  1.21155900e-01],
       [ 1.50000000e+00,  1.49914720e+00,  1.49829383e+00, ...,
        -1.56506093e+00, -1.56556014e+00, -1.56605947e+00],
       [ 3.23928632e+00,  3.23947617e+00,  3.23966482e+00, ...,
         1.45401504e-04,  7.27007958e-05,  0.00000000e+00],
       [-3.63476096e+00, -3.63167920e+00, -3.62859811e+00, ...,
        -1.87944295e-03, -9.39725574e-04,  5.14724324e-17]])
            yp: array([[ 1.5       ,  1.4991472 ,  1.49829383, ..., -1.56506093,
        -1.56556014, -1.56605947],
       [-2.84159451, -2.84350273, -2.84540693, ..., -1.66334904,
        -1.6637886 , -1.66422757],
       [ 0.63476096,  0.63077937,  0.62679895, ..., -0.24231122,
        -0.24231166, -0.2423118 ],
       [10.27262353, 10.27040503, 10.26817644, ...,  3.13206312,
         3.13209111,  3.13211895]])
       message: 'The maximum number of mesh nodes is exceeded.'
         niter: 1
             p: None
 rms_residuals: array([4.64630981e-05, 7.06132210e-05, 1.03229397e-04, ...,
       6.11818345e-01, 6.11938478e-01, 6.12058195e-01])
           sol: <scipy.interpolate._interpolate.PPoly object at 0x7fd6e2a10c70>
        status: 1
       success: False
             x: array([0.00000000e+00, 3.00030003e-04, 6.00060006e-04, ...,
       2.99939994e+00, 2.99969997e+00, 3.00000000e+00])
             y: array([[ 1.50000000e+00,  1.50044992e+00,  1.50089959e+00, ...,
         1.70825224e-01,  1.70286941e-01,  1.69748338e-01],
       [ 1.50000000e+00,  1.49916971e+00,  1.49833883e+00, ...,
        -1.79356903e+00, -1.79463075e+00, -1.79569306e+00],
       [ 3.27495004e+00,  3.27510044e+00,  3.27524962e+00, ...,
         2.03717927e-04,  1.01859133e-04,  0.00000000e+00],
       [-3.50334420e+00, -3.50015421e+00, -3.49696469e+00, ...,
        -2.15602423e-03, -1.07776791e-03, -7.39436587e-15]])
            yp: array([[ 1.5       ,  1.49916971,  1.49833883, ..., -1.79356903,
        -1.79463075, -1.79569306],
       [-2.76653756, -2.76852795, -2.7705144 , ..., -1.91158054,
        -1.91264009, -1.9136994 ],
       [ 0.5033442 ,  0.49925437,  0.49516551, ..., -0.33949442,
        -0.33949611, -0.33949668],
       [10.63304494, 10.63105549, 10.62905614, ...,  3.58931006,
         3.59034762,  3.59138612]])
       message: 'The maximum number of mesh nodes is exceeded.'
         niter: 1
             p: None
 rms_residuals: array([5.05850439e-05, 7.38280590e-05, 1.06080525e-04, ...,
       6.12576221e-01, 6.12682569e-01, 6.12788494e-01])
           sol: <scipy.interpolate._interpolate.PPoly object at 0x7fd6e2a10d10>
        status: 1
       success: False
             x: array([0.00000000e+00, 3.00030003e-04, 6.00060006e-04, ...,
       2.99939994e+00, 2.99969997e+00, 3.00000000e+00])
             y: array([[ 1.50000000e+00,  1.50044992e+00,  1.50089960e+00, ...,
         1.68933065e-01,  1.68397626e-01,  1.67861870e-01],
       [ 1.50000000e+00,  1.49918575e+00,  1.49837088e+00, ...,
        -1.78408846e+00, -1.78514611e+00, -1.78620434e+00],
       [ 3.20242952e+00,  3.20255276e+00,  3.20267480e+00, ...,
         2.01453941e-04,  1.00727138e-04,  0.00000000e+00],
       [-3.41275523e+00, -3.40965092e+00, -3.40654707e+00, ...,
        -2.14463027e-03, -1.07207251e-03, -5.05395588e-15]])
            yp: array([[ 1.5       ,  1.49918575,  1.49837088, ..., -1.78408846,
        -1.78514611, -1.78620434],
       [-2.71306284, -2.71512191, -2.7171771 , ..., -1.90161864,
        -1.90267707, -1.90373525],
       [ 0.41275523,  0.40875108,  0.40474787, ..., -0.3357215 ,
        -0.33572318, -0.33572374],
       [10.34741833, 10.34549943, 10.34357084, ...,  3.57034037,
         3.57137406,  3.57240869]])
       message: 'The maximum number of mesh nodes is exceeded.'
         niter: 1
             p: None
 rms_residuals: array([5.35595771e-05, 7.58612805e-05, 1.07422465e-04, ...,
       6.12392685e-01, 6.12494234e-01, 6.12595351e-01])
           sol: <scipy.interpolate._interpolate.PPoly object at 0x7fd6e2a10630>
        status: 1
       success: False
             x: array([0.00000000e+00, 3.00030003e-04, 6.00060006e-04, ...,
       2.99939994e+00, 2.99969997e+00, 3.00000000e+00])
             y: array([[ 1.50000000e+00,  1.50044992e+00,  1.50089961e+00, ...,
         1.72377262e-01,  1.71846631e-01,  1.71315684e-01],
       [ 1.50000000e+00,  1.49919722e+00,  1.49839381e+00, ...,
        -1.76806808e+00, -1.76911893e+00, -1.77017036e+00],
       [ 3.19585747e+00,  3.19598094e+00,  3.19610321e+00, ...,
         2.05598936e-04,  1.02799635e-04,  0.00000000e+00],
       [-3.41351870e+00, -3.41042551e+00, -3.40733276e+00, ...,
        -2.12537765e-03, -1.06244868e-03, -9.04845287e-15]])
            yp: array([[ 1.5       ,  1.49919722,  1.49839381, ..., -1.76806808,
        -1.76911893, -1.77017036],
       [-2.67481251, -2.67692054, -2.67902473, ..., -1.88741156,
        -1.8884725 , -1.8895332 ],
       [ 0.4135187 ,  0.40952566,  0.40553354, ..., -0.34262915,
        -0.34263081, -0.34263137],
       [10.31031772, 10.30847941, 10.30663142, ...,  3.53827866,
         3.53930923,  3.54034073]])
       message: 'The maximum number of mesh nodes is exceeded.'
         niter: 1
             p: None
 rms_residuals: array([5.26452608e-05, 5.26025244e-05, 5.25598448e-05, ...,
       1.62546693e-04, 1.62349673e-04, 1.62153138e-04])
           sol: <scipy.interpolate._interpolate.PPoly object at 0x7fd6e2a10cc0>
        status: 1
       success: False
             x: array([0.00000000e+00, 3.00030003e-04, 6.00060006e-04, ...,
       2.99939994e+00, 2.99969997e+00, 3.00000000e+00])
             y: array([[ 1.50000000e+00,  1.50044993e+00,  1.50089961e+00, ...,
         1.29781822e-01,  1.29322467e-01,  1.28862964e-01],
       [ 1.50000000e+00,  1.49920641e+00,  1.49841218e+00, ...,
        -1.53078592e+00, -1.53127641e+00, -1.53176703e+00],
       [ 3.26626089e+00,  3.26647839e+00,  3.26669470e+00, ...,
         1.54650908e-04,  7.73254970e-05,  0.00000000e+00],
       [-3.72693718e+00, -3.72384540e+00, -3.72075415e+00, ...,
        -1.83828615e-03, -9.19147613e-04, -7.92817144e-17]])
            yp: array([[ 1.5       ,  1.49920641,  1.49841218, ..., -1.53078592,
        -1.53127641, -1.53176703],
       [-2.64417407, -2.64632073, -2.64846359, ..., -1.63427992,
        -1.63473723, -1.63519399],
       [ 0.72693718,  0.72294555,  0.71895493, ..., -0.25772536,
        -0.25772579, -0.25772593],
       [10.30576341, 10.30401444, 10.30225526, ...,  3.06347237,
         3.06350329,  3.06353406]])
       message: 'The maximum number of mesh nodes is exceeded.'
         niter: 1
             p: None
 rms_residuals: array([5.81480361e-05, 7.91238750e-05, 1.09705464e-04, ...,
       6.16904522e-01, 6.17018960e-01, 6.17132978e-01])
           sol: <scipy.interpolate._interpolate.PPoly object at 0x7fd6e2a10ea0>
        status: 1
       success: False
             x: array([0.00000000e+00, 3.00030003e-04, 6.00060006e-04, ...,
       2.99939994e+00, 2.99969997e+00, 3.00000000e+00])
             y: array([[ 1.50000000e+00,  1.50044993e+00,  1.50089962e+00, ...,
         1.76227123e-01,  1.75695959e-01,  1.75164477e-01],
       [ 1.50000000e+00,  1.49921847e+00,  1.49843628e+00, ...,
        -1.76984341e+00, -1.77089934e+00, -1.77195587e+00],
       [ 3.28109324e+00,  3.28126036e+00,  3.28142625e+00, ...,
         2.10217946e-04,  1.05109141e-04,  0.00000000e+00],
       [-3.55905370e+00, -3.55587441e+00, -3.55269548e+00, ...,
        -2.12753348e-03, -1.06352335e-03, -5.85958083e-15]])
            yp: array([[ 1.5       ,  1.49921847,  1.49843628, ..., -1.76984341,
        -1.77089934, -1.77195587],
       [-2.6039924 , -2.60617577, -2.60835539, ..., -1.89061091,
        -1.89168163, -1.89275214],
       [ 0.5590537 ,  0.55497455,  0.55089623, ..., -0.35032671,
        -0.35032839, -0.35032895],
       [10.59719567, 10.59558507, 10.59396454, ...,  3.54182736,
         3.54286908,  3.54391174]])
       message: 'The maximum number of mesh nodes is exceeded.'
         niter: 1
             p: None
 rms_residuals: array([6.02045515e-05, 8.09736148e-05, 1.11523470e-04, ...,
       6.16755485e-01, 6.16857987e-01, 6.16960065e-01])
           sol: <scipy.interpolate._interpolate.PPoly object at 0x7fd6e2a10e50>
        status: 1
       success: False
             x: array([0.00000000e+00, 3.00030003e-04, 6.00060006e-04, ...,
       2.99939994e+00, 2.99969997e+00, 3.00000000e+00])
             y: array([[ 1.50000000e+00,  1.50044993e+00,  1.50089963e+00, ...,
         1.73462461e-01,  1.72932632e-01,  1.72402487e-01],
       [ 1.50000000e+00,  1.49922559e+00,  1.49845051e+00, ...,
        -1.76539384e+00, -1.76644713e+00, -1.76750099e+00],
       [ 3.21183431e+00,  3.21197278e+00,  3.21211005e+00, ...,
         2.06903228e-04,  1.03451781e-04,  0.00000000e+00],
       [-3.46351615e+00, -3.46041532e+00, -3.45731485e+00, ...,
        -2.12218188e-03, -1.06084886e-03, -8.92086733e-15]])
            yp: array([[ 1.5       ,  1.49922559,  1.49845051, ..., -1.76539384,
        -1.76644713, -1.76750099],
       [-2.58024123, -2.58245521, -2.58466545, ..., -1.88523431,
        -1.88630163, -1.88736873],
       [ 0.46351615,  0.45951546,  0.4555156 , ..., -0.34480274,
        -0.34480442, -0.34480497],
       [10.33569353, 10.33407953, 10.3324558 , ...,  3.53292619,
         3.53396363,  3.53500199]])
       message: 'The maximum number of mesh nodes is exceeded.'
         niter: 1
             p: None
 rms_residuals: array([6.14350405e-05, 8.18155780e-05, 1.12018513e-04, ...,
       6.15884488e-01, 6.15983341e-01, 6.16081765e-01])
           sol: <scipy.interpolate._interpolate.PPoly object at 0x7fd6e2a10d60>
        status: 1
       success: False
             x: array([0.00000000e+00, 3.00030003e-04, 6.00060006e-04, ...,
       2.99939994e+00, 2.99969997e+00, 3.00000000e+00])
             y: array([[ 1.50000000e+00,  1.50044993e+00,  1.50089963e+00, ...,
         1.75924887e-01,  1.75398547e-01,  1.74871894e-01],
       [ 1.50000000e+00,  1.49922985e+00,  1.49845904e+00, ...,
        -1.75376543e+00, -1.75481318e+00, -1.75586151e+00],
       [ 3.20476432e+00,  3.20490080e+00,  3.20503609e+00, ...,
         2.09866815e-04,  1.04933574e-04,  0.00000000e+00],
       [-3.45688563e+00, -3.45379397e+00, -3.45070267e+00, ...,
        -2.10820426e-03, -1.05386225e-03, -1.36071191e-14]])
            yp: array([[ 1.5       ,  1.49922985,  1.49845904, ..., -1.75376543,
        -1.75481318, -1.75586151],
       [-2.56601718, -2.56824991, -2.57047893, ..., -1.8749038 ,
        -1.87597143, -1.87703884],
       [ 0.45688563,  0.45289411,  0.44890341, ..., -0.34974157,
        -0.34974323, -0.34974379],
       [10.30509674, 10.30350866, 10.30191086, ...,  3.50965418,
         3.51068814,  3.51172302]])
       message: 'The maximum number of mesh nodes is exceeded.'
         niter: 1
             p: None
 rms_residuals: array([5.94037565e-05, 5.93566509e-05, 5.93096117e-05, ...,
       1.63515100e-04, 1.63315354e-04, 1.63116073e-04])
           sol: <scipy.interpolate._interpolate.PPoly object at 0x7fd6e2a10e00>
        status: 1
       success: False
             x: array([0.00000000e+00, 3.00030003e-04, 6.00060006e-04, ...,
       2.99939994e+00, 2.99969997e+00, 3.00000000e+00])
             y: array([[ 1.50000000e+00,  1.50044993e+00,  1.50089963e+00, ...,
         1.32417858e-01,  1.31962003e-01,  1.31506003e-01],
       [ 1.50000000e+00,  1.49923317e+00,  1.49846566e+00, ...,
        -1.51911888e+00, -1.51960639e+00, -1.52009405e+00],
       [ 3.27725996e+00,  3.27748983e+00,  3.27771850e+00, ...,
         1.57822872e-04,  7.89114787e-05,  0.00000000e+00],
       [-3.76816044e+00, -3.76506594e+00, -3.76197191e+00, ...,
        -1.82427656e-03, -9.12142970e-04,  1.14380866e-18]])
            yp: array([[ 1.5       ,  1.49923317,  1.49846566, ..., -1.51911888,
        -1.51960639, -1.52009405],
       [-2.55496946, -2.55721662, -2.55946008, ..., -1.62438776,
        -1.62485006, -1.62531181],
       [ 0.76816044,  0.76416608,  0.76017265, ..., -0.26301144,
        -0.26301186, -0.26301201],
       [10.31472921, 10.31319429, 10.31164914, ...,  3.04012437,
         3.04015631,  3.0401881 ]])
       message: 'The maximum number of mesh nodes is exceeded.'
         niter: 1
             p: None
 rms_residuals: array([6.34357910e-05, 8.32550714e-05, 1.12964956e-04, ...,
       6.19373400e-01, 6.19486275e-01, 6.19598731e-01])
           sol: <scipy.interpolate._interpolate.PPoly object at 0x7fd6e2a10db0>
        status: 1
       success: False
             x: array([0.00000000e+00, 3.00030003e-04, 6.00060006e-04, ...,
       2.99939994e+00, 2.99969997e+00, 3.00000000e+00])
             y: array([[ 1.50000000e+00,  1.50044993e+00,  1.50089963e+00, ...,
         1.78061700e-01,  1.77532852e-01,  1.77003689e-01],
       [ 1.50000000e+00,  1.49924049e+00,  1.49848030e+00, ...,
        -1.76212083e+00, -1.76317552e+00, -1.76423081e+00],
       [ 3.28510208e+00,  3.28527747e+00,  3.28545164e+00, ...,
         2.12425221e-04,  1.06212778e-04,  0.00000000e+00],
       [-3.58662946e+00, -3.58345387e+00, -3.58027859e+00, ...,
        -2.11826307e-03, -1.05888800e-03, -1.01739171e-14]])
            yp: array([[ 1.5       ,  1.49924049,  1.4984803 , ..., -1.76212083,
        -1.76317552, -1.76423081],
       [-2.53056755, -2.53283223, -2.53509325, ..., -1.88381196,
        -1.88488639, -1.88596061],
       [ 0.58662946,  0.58255401,  0.57847932, ..., -0.35400514,
        -0.35400682, -0.35400738],
       [10.58477459, 10.58333671, 10.58188889, ...,  3.52637188,
         3.52741628,  3.52846163]])
       message: 'The maximum number of mesh nodes is exceeded.'
         niter: 1
             p: None
 rms_residuals: array([6.44908948e-05, 8.43503097e-05, 1.14196522e-04, ...,
       6.18801820e-01, 6.18903273e-01, 6.19004291e-01])
           sol: <scipy.interpolate._interpolate.PPoly object at 0x7fd6e2a1c220>
        status: 1
       success: False
             x: array([0.00000000e+00, 3.00030003e-04, 6.00060006e-04, ...,
       2.99939994e+00, 2.99969997e+00, 3.00000000e+00])
             y: array([[ 1.50000000e+00,  1.50044993e+00,  1.50089964e+00, ...,
         1.74966889e-01,  1.74438865e-01,  1.73910526e-01],
       [ 1.50000000e+00,  1.49924362e+00,  1.49848656e+00, ...,
        -1.75937554e+00, -1.76042798e+00, -1.76148099e+00],
       [ 3.21623806e+00,  3.21638363e+00,  3.21652800e+00, ...,
         2.08713056e-04,  1.04356696e-04,  0.00000000e+00],
       [-3.48718129e+00, -3.48408204e+00, -3.48098312e+00, ...,
        -2.11495789e-03, -1.05723667e-03, -7.33105063e-15]])
            yp: array([[ 1.5       ,  1.49924362,  1.49848656, ..., -1.75937554,
        -1.76042798, -1.76148099],
       [-2.52012257, -2.52240192, -2.52467762, ..., -1.87997538,
        -1.88104568, -1.88211575],
       [ 0.48718129,  0.48318218,  0.47918384, ..., -0.34781882,
        -0.34782049, -0.34782105],
       [10.33033274, 10.32885754, 10.3273726 , ...,  3.52088151,
         3.52192128,  3.52296198]])
       message: 'The maximum number of mesh nodes is exceeded.'
         niter: 1
             p: None
 rms_residuals: array([6.49077537e-05, 8.45653710e-05, 1.14222060e-04, ...,
       6.17594441e-01, 6.17692570e-01, 6.17790269e-01])
           sol: <scipy.interpolate._interpolate.PPoly object at 0x7fd6e2a1c360>
        status: 1
       success: False
             x: array([0.00000000e+00, 3.00030003e-04, 6.00060006e-04, ...,
       2.99939994e+00, 2.99969997e+00, 3.00000000e+00])
             y: array([[ 1.50000000e+00,  1.50044993e+00,  1.50089964e+00, ...,
         1.77101025e-01,  1.76576063e-01,  1.76050788e-01],
       [ 1.50000000e+00,  1.49924464e+00,  1.49848859e+00, ...,
        -1.74917205e+00, -1.75021927e+00, -1.75126707e+00],
       [ 3.20873884e+00,  3.20888130e+00,  3.20902256e+00, ...,
         2.11281630e-04,  1.05640981e-04,  0.00000000e+00],
       [-3.47681098e+00, -3.47372021e+00, -3.47062978e+00, ...,
        -2.10269124e-03, -1.05110553e-03, -4.92254969e-15]])
            yp: array([[ 1.5       ,  1.49924464,  1.49848859, ..., -1.74917205,
        -1.75021927, -1.75126707],
       [-2.51673899, -2.51902439, -2.52130615, ..., -1.87089969,
        -1.87196961, -1.8730393 ],
       [ 0.47681098,  0.47282035,  0.4688305 , ..., -0.35209936,
        -0.35210102, -0.35210158],
       [10.30204992, 10.30057564, 10.29909164, ...,  3.50046122,
         3.50149722,  3.50253414]])
       message: 'The maximum number of mesh nodes is exceeded.'
         niter: 1
             p: None
 rms_residuals: array([6.51926334e-05, 8.46869791e-05, 1.14133551e-04, ...,
       6.16565666e-01, 6.16661901e-01, 6.16757710e-01])
           sol: <scipy.interpolate._interpolate.PPoly object at 0x7fd6e2a1c3b0>
        status: 1
       success: False
             x: array([0.00000000e+00, 3.00030003e-04, 6.00060006e-04, ...,
       2.99939994e+00, 2.99969997e+00, 3.00000000e+00])
             y: array([[ 1.50000000e+00,  1.50044993e+00,  1.50089964e+00, ...,
         1.79195428e-01,  1.78673027e-01,  1.78150312e-01],
       [ 1.50000000e+00,  1.49924529e+00,  1.49848990e+00, ...,
        -1.74064411e+00, -1.74168701e+00, -1.74273050e+00],
       [ 3.20793545e+00,  3.20807768e+00,  3.20821871e+00, ...,
         2.13801313e-04,  1.06900822e-04,  0.00000000e+00],
       [-3.47604312e+00, -3.47295339e+00, -3.46986399e+00, ...,
        -2.09243921e-03, -1.04598129e-03, -9.85453889e-15]])
            yp: array([[ 1.5       ,  1.49924529,  1.4984899 , ..., -1.74064411,
        -1.74168701, -1.7427305 ],
       [-2.51455064, -2.51684026, -2.51912625, ..., -1.86343178,
        -1.86450142, -1.86557084],
       [ 0.47604312,  0.47205353,  0.46806472, ..., -0.35629842,
        -0.35630007, -0.35630062],
       [10.29859108, 10.29712101, 10.29564122, ...,  3.48339389,
         3.48442699,  3.485461  ]])
       message: 'The maximum number of mesh nodes is exceeded.'
         niter: 1
             p: None
 rms_residuals: array([6.25761658e-05, 6.25275312e-05, 6.24789669e-05, ...,
       1.64597944e-04, 1.64397384e-04, 1.64197045e-04])
           sol: <scipy.interpolate._interpolate.PPoly object at 0x7fd6e2a1c450>
        status: 1
       success: False
             x: array([0.00000000e+00, 3.00030003e-04, 6.00060006e-04, ...,
       2.99939994e+00, 2.99969997e+00, 3.00000000e+00])
             y: array([[ 1.50000000e+00,  1.50044993e+00,  1.50089964e+00, ...,
         1.34734115e-01,  1.34281153e-01,  1.33828046e-01],
       [ 1.50000000e+00,  1.49924581e+00,  1.49849092e+00, ...,
        -1.50947992e+00, -1.50996501e+00, -1.51045024e+00],
       [ 3.28317215e+00,  3.28340806e+00,  3.28364276e+00, ...,
         1.60609603e-04,  8.03048439e-05,  0.00000000e+00],
       [-3.78826818e+00, -3.78517145e+00, -3.78207515e+00, ...,
        -1.81270228e-03, -9.06355968e-04,  1.49060158e-17]])
            yp: array([[ 1.5       ,  1.49924581,  1.49849092, ..., -1.50947992,
        -1.50996501, -1.51045024],
       [-2.51283836, -2.51513129, -2.51742059, ..., -1.61629625,
        -1.6167615 , -1.6172262 ],
       [ 0.78826818,  0.78427159,  0.78027588, ..., -0.26765553,
        -0.26765595, -0.26765609],
       [10.32211162, 10.32067914, 10.3192364 , ...,  3.02083491,
         3.02086777,  3.02090048]])
       message: 'The maximum number of mesh nodes is exceeded.'
         niter: 1
             p: None
 rms_residuals: array([6.59053409e-05, 8.51973580e-05, 1.14467748e-04, ...,
       6.19973381e-01, 6.20084690e-01, 6.20195580e-01])
           sol: <scipy.interpolate._interpolate.PPoly object at 0x7fd6e2a1c130>
        status: 1
       success: False
             x: array([0.00000000e+00, 3.00030003e-04, 6.00060006e-04, ...,
       2.99939994e+00, 2.99969997e+00, 3.00000000e+00])
             y: array([[ 1.50000000e+00,  1.50044993e+00,  1.50089964e+00, ...,
         1.79753809e-01,  1.79227089e-01,  1.78700052e-01],
       [ 1.50000000e+00,  1.49925090e+00,  1.49850111e+00, ...,
        -1.75503358e+00, -1.75608582e+00, -1.75713865e+00],
       [ 3.28548987e+00,  3.28566849e+00,  3.28584589e+00, ...,
         2.14461062e-04,  1.07230699e-04,  0.00000000e+00],
       [-3.59737206e+00, -3.59419984e+00, -3.59102791e+00, ...,
        -2.10974862e-03, -1.05463153e-03, -1.04483943e-14]])
            yp: array([[ 1.5       ,  1.4992509 ,  1.49850111, ..., -1.75503358,
        -1.75608582, -1.75713865],
       [-2.49585728, -2.49815907, -2.50045725, ..., -1.87757649,
        -1.87865172, -1.87972675],
       [ 0.59737206,  0.59329998,  0.58922863, ..., -0.35739787,
        -0.35739955, -0.3574001 ],
       [10.57347921, 10.5721218 , 10.57075445, ...,  3.51218789,
         3.51323213,  3.51427731]])
       message: 'The maximum number of mesh nodes is exceeded.'
         niter: 1
             p: None
 rms_residuals: array([6.64755284e-05, 8.58967940e-05, 1.15401251e-04, ...,
       6.19305690e-01, 6.19406112e-01, 6.19506103e-01])
           sol: <scipy.interpolate._interpolate.PPoly object at 0x7fd6e2a1c5e0>
        status: 1
       success: False
             x: array([0.00000000e+00, 3.00030003e-04, 6.00060006e-04, ...,
       2.99939994e+00, 2.99969997e+00, 3.00000000e+00])
             y: array([[ 1.50000000e+00,  1.50044993e+00,  1.50089964e+00, ...,
         1.76372977e-01,  1.75846620e-01,  1.75319947e-01],
       [ 1.50000000e+00,  1.49925211e+00,  1.49850353e+00, ...,
        -1.75382335e+00, -1.75487390e+00, -1.75592504e+00],
       [ 3.21782587e+00,  3.21797457e+00,  3.21812206e+00, ...,
         2.10404531e-04,  1.05202433e-04,  0.00000000e+00],
       [-3.49759323e+00, -3.49449525e+00, -3.49139759e+00, ...,
        -2.10828781e-03, -1.05390220e-03, -7.17478545e-15]])
            yp: array([[ 1.5       ,  1.49925211,  1.49850353, ..., -1.75382335,
        -1.7548739 , -1.75592504],
       [-2.49181722, -2.49412629, -2.49643175, ..., -1.8751313 ,
        -1.87620225, -1.87727297],
       [ 0.49759323,  0.49359539,  0.4895983 , ..., -0.35063767,
        -0.35063934, -0.35063989],
       [10.32605077, 10.32464064, 10.32322077, ...,  3.50976963,
         3.51080939,  3.51185007]])
       message: 'The maximum number of mesh nodes is exceeded.'
         niter: 1
             p: None
 rms_residuals: array([6.65024525e-05, 8.58292209e-05, 1.15196317e-04, ...,
       6.18032477e-01, 6.18129893e-01, 6.18226882e-01])
           sol: <scipy.interpolate._interpolate.PPoly object at 0x7fd6e2a1c680>
        status: 1
       success: False
             x: array([0.00000000e+00, 3.00030003e-04, 6.00060006e-04, ...,
       2.99939994e+00, 2.99969997e+00, 3.00000000e+00])
             y: array([[ 1.50000000e+00,  1.50044993e+00,  1.50089964e+00, ...,
         1.78195346e-01,  1.77671651e-01,  1.77147641e-01],
       [ 1.50000000e+00,  1.49925158e+00,  1.49850247e+00, ...,
        -1.74495328e+00, -1.74599912e+00, -1.74704554e+00],
       [ 3.21037164e+00,  3.21051680e+00,  3.21066076e+00, ...,
         2.12597987e-04,  1.06299159e-04,  0.00000000e+00],
       [-3.48581232e+00, -3.48272224e+00, -3.47963246e+00, ...,
        -2.09762330e-03, -1.04857196e-03, -1.14307027e-14]])
            yp: array([[ 1.5       ,  1.49925158,  1.49850247, ..., -1.74495328,
        -1.74599912, -1.74704554],
       [-2.49357411, -2.49588342, -2.49818912, ..., -1.86722823,
        -1.86829855, -1.86936864],
       [ 0.48581232,  0.48182237,  0.47783317, ..., -0.35429307,
        -0.35429473, -0.35429528],
       [10.29977861, 10.29835773, 10.29692713, ...,  3.49201797,
         3.49305406,  3.49409108]])
       message: 'The maximum number of mesh nodes is exceeded.'
         niter: 1
             p: None
 rms_residuals: array([6.36665178e-05, 6.36173631e-05, 6.35682798e-05, ...,
       1.64000388e-04, 1.63798971e-04, 1.63597959e-04])
           sol: <scipy.interpolate._interpolate.PPoly object at 0x7fd6e2a1c2c0>
        status: 1
       success: False
             x: array([0.00000000e+00, 3.00030003e-04, 6.00060006e-04, ...,
       2.99939994e+00, 2.99969997e+00, 3.00000000e+00])
             y: array([[ 1.50000000e+00,  1.50044993e+00,  1.50089964e+00, ...,
         1.34084501e-01,  1.33630792e-01,  1.33176938e-01],
       [ 1.50000000e+00,  1.49925099e+00,  1.49850128e+00, ...,
        -1.51196805e+00, -1.51245375e+00, -1.51293960e+00],
       [ 3.28395955e+00,  3.28419750e+00,  3.28443426e+00, ...,
         1.59828195e-04,  7.99141400e-05,  0.00000000e+00],
       [-3.79509280e+00, -3.79199732e+00, -3.78890227e+00, ...,
        -1.81568997e-03, -9.07849773e-04,  1.25883255e-17]])
            yp: array([[ 1.5       ,  1.49925099,  1.49850128, ..., -1.51196805,
        -1.51245375, -1.5129396 ],
       [-2.49556867, -2.49787756, -2.50018283, ..., -1.61835501,
        -1.61881923, -1.6192829 ],
       [ 0.7950928 ,  0.79109746,  0.78710299, ..., -0.26635331,
        -0.26635373, -0.26635388],
       [10.31791153, 10.3165195 , 10.31511722, ...,  3.02581416,
         3.02584676,  3.0258792 ]])
       message: 'The maximum number of mesh nodes is exceeded.'
         niter: 1
             p: None
 rms_residuals: array([6.67674958e-05, 8.59375236e-05, 1.15125487e-04, ...,
       6.20904135e-01, 6.21016223e-01, 6.21127892e-01])
           sol: <scipy.interpolate._interpolate.PPoly object at 0x7fd6e2a1c270>
        status: 1
       success: False
             x: array([0.00000000e+00, 3.00030003e-04, 6.00060006e-04, ...,
       2.99939994e+00, 2.99969997e+00, 3.00000000e+00])
             y: array([[ 1.50000000e+00,  1.50044993e+00,  1.50089964e+00, ...,
         1.79251852e-01,  1.78724429e-01,  1.78196689e-01],
       [ 1.50000000e+00,  1.49925515e+00,  1.49850960e+00, ...,
        -1.75737561e+00, -1.75842956e+00, -1.75948411e+00],
       [ 3.28783909e+00,  3.28802011e+00,  3.28819990e+00, ...,
         2.13856964e-04,  1.06928650e-04,  0.00000000e+00],
       [-3.60535838e+00, -3.60218527e+00, -3.59901244e+00, ...,
        -2.11256679e-03, -1.05603978e-03, -5.90887448e-15]])
            yp: array([[ 1.5       ,  1.49925515,  1.4985096 , ..., -1.75737561,
        -1.75842956, -1.75948411],
       [-2.4817003 , -2.48401492, -2.48632595, ..., -1.87965853,
        -1.88073438, -1.88181003],
       [ 0.60535838,  0.6012854 ,  0.59721316, ..., -0.35639114,
        -0.35639282, -0.35639338],
       [10.57641704, 10.57509442, 10.57376188, ...,  3.51687502,
         3.51792114,  3.51896821]])
       message: 'The maximum number of mesh nodes is exceeded.'
         niter: 1
             p: None
 rms_residuals: array([6.71771819e-05, 8.65037623e-05, 1.15958669e-04, ...,
       6.20079318e-01, 6.20180242e-01, 6.20280735e-01])
           sol: <scipy.interpolate._interpolate.PPoly object at 0x7fd6e2a1c630>
        status: 1
       success: False
             x: array([0.00000000e+00, 3.00030003e-04, 6.00060006e-04, ...,
       2.99939994e+00, 2.99969997e+00, 3.00000000e+00])
             y: array([[ 1.50000000e+00,  1.50044993e+00,  1.50089964e+00, ...,
         1.75926413e-01,  1.75399489e-01,  1.74872249e-01],
       [ 1.50000000e+00,  1.49925563e+00,  1.49851056e+00, ...,
        -1.75571310e+00, -1.75676505e+00, -1.75781758e+00],
       [ 3.21903397e+00,  3.21918427e+00,  3.21933337e+00, ...,
         2.09867238e-04,  1.04933787e-04,  0.00000000e+00],
       [-3.50295371e+00, -3.49985575e+00, -3.49675808e+00, ...,
        -2.11056181e-03, -1.05503852e-03, -1.00482942e-14]])
            yp: array([[ 1.5       ,  1.49925563,  1.49851056, ..., -1.7557131 ,
        -1.75676505, -1.75781758],
       [-2.48009232, -2.48241185, -2.48472779, ..., -1.87679255,
        -1.87786401, -1.87893523],
       [ 0.50295371,  0.49895588,  0.4949588 , ..., -0.34974226,
        -0.34974394, -0.3497445 ],
       [10.32599468, 10.324612  , 10.32321959, ...,  3.51355167,
         3.51459295,  3.51563516]])
       message: 'The maximum number of mesh nodes is exceeded.'
         niter: 1
             p: None
 rms_residuals: array([6.70657477e-05, 8.63146228e-05, 1.15650023e-04, ...,
       6.18666686e-01, 6.18764472e-01, 6.18861827e-01])
           sol: <scipy.interpolate._interpolate.PPoly object at 0x7fd6e2a1c860>
        status: 1
       success: False
             x: array([0.00000000e+00, 3.00030003e-04, 6.00060006e-04, ...,
       2.99939994e+00, 2.99969997e+00, 3.00000000e+00])
             y: array([[ 1.50000000e+00,  1.50044993e+00,  1.50089964e+00, ...,
         1.77849449e-01,  1.77325323e-01,  1.76800883e-01],
       [ 1.50000000e+00,  1.49925448e+00,  1.49850826e+00, ...,
        -1.74638803e+00, -1.74743496e+00, -1.74848247e+00],
       [ 3.21125404e+00,  3.21140047e+00,  3.21154571e+00, ...,
         2.12181834e-04,  1.06091083e-04,  0.00000000e+00],
       [-3.49005212e+00, -3.48696216e+00, -3.48387251e+00, ...,
        -2.09934992e-03, -1.04943473e-03, -7.07805959e-15]])
            yp: array([[ 1.5       ,  1.49925448,  1.49850826, ..., -1.74638803,
        -1.74743496, -1.74848247],
       [-2.48392617, -2.48624394, -2.48855813, ..., -1.86848698,
        -1.86955776, -1.87062832],
       [ 0.49005212,  0.4860623 ,  0.48207322, ..., -0.35359955,
        -0.35360121, -0.35360177],
       [10.29933207, 10.29793361, 10.29652543, ...,  3.49488938,
         3.4959267 ,  3.49696493]])
       message: 'The maximum number of mesh nodes is exceeded.'
         niter: 1
             p: None
 rms_residuals: array([6.69276643e-05, 8.61011978e-05, 1.15293206e-04, ...,
       6.17466102e-01, 6.17562104e-01, 6.17657684e-01])
           sol: <scipy.interpolate._interpolate.PPoly object at 0x7fd6e2a1c8b0>
        status: 1
       success: False
             x: array([0.00000000e+00, 3.00030003e-04, 6.00060006e-04, ...,
       2.99939994e+00, 2.99969997e+00, 3.00000000e+00])
             y: array([[ 1.50000000e+00,  1.50044993e+00,  1.50089964e+00, ...,
         1.79766686e-01,  1.79244912e-01,  1.78722826e-01],
       [ 1.50000000e+00,  1.49925336e+00,  1.49850603e+00, ...,
        -1.73855027e+00, -1.73959303e+00, -1.74063637e+00],
       [ 3.21003038e+00,  3.21017588e+00,  3.21032019e+00, ...,
         2.14488398e-04,  1.07244365e-04,  0.00000000e+00],
       [-3.48696397e+00, -3.48387488e+00, -3.48078609e+00, ...,
        -2.08992657e-03, -1.04472483e-03, -5.72912698e-15]])
            yp: array([[ 1.5       ,  1.49925336,  1.49850603, ..., -1.73855027,
        -1.73959303, -1.74063637],
       [-2.48763833, -2.48995406, -2.49226619, ..., -1.86161969,
        -1.86268998, -1.86376005],
       [ 0.48696397,  0.48297501,  0.4789868 , ..., -0.35744345,
        -0.3574451 , -0.35744565],
       [10.2964621 , 10.29505422, 10.29363662, ...,  3.47920334,
         3.48023758,  3.48127273]])
       message: 'The maximum number of mesh nodes is exceeded.'
         niter: 1
             p: None
 rms_residuals: array([6.40270874e-05, 6.39780391e-05, 6.39290628e-05, ...,
       1.64641267e-04, 1.64439950e-04, 1.64239034e-04])
           sol: <scipy.interpolate._interpolate.PPoly object at 0x7fd6e2a1c950>
        status: 1
       success: False
             x: array([0.00000000e+00, 3.00030003e-04, 6.00060006e-04, ...,
       2.99939994e+00, 2.99969997e+00, 3.00000000e+00])
             y: array([[ 1.50000000e+00,  1.50044993e+00,  1.50089964e+00, ...,
         1.35166255e-01,  1.34713850e-01,  1.34261300e-01],
       [ 1.50000000e+00,  1.49925243e+00,  1.49850416e+00, ...,
        -1.50762397e+00, -1.50810859e+00, -1.50859335e+00],
       [ 3.28537289e+00,  3.28561173e+00,  3.28584937e+00, ...,
         1.61129560e-04,  8.05648223e-05,  0.00000000e+00],
       [-3.79806293e+00, -3.79496624e+00, -3.79186996e+00, ...,
        -1.81047369e-03, -9.05241697e-04,  1.41799512e-16]])
            yp: array([[ 1.5       ,  1.49925243,  1.49850416, ..., -1.50762397,
        -1.50810859, -1.50859335],
       [-2.49076247, -2.49307646, -2.49538685, ..., -1.61473023,
        -1.61519569, -1.6156606 ],
       [ 0.79806293,  0.79406637,  0.79007068, ..., -0.26852204,
        -0.26852246, -0.2685226 ],
       [10.3219722 , 10.32059265, 10.31920284, ...,  3.01712079,
         3.01715382,  3.0171867 ]])
       message: 'The maximum number of mesh nodes is exceeded.'
         niter: 1
             p: None
 rms_residuals: array([6.70442286e-05, 8.61245295e-05, 1.15233443e-04, ...,
       6.20598200e-01, 6.20709419e-01, 6.20820206e-01])
           sol: <scipy.interpolate._interpolate.PPoly object at 0x7fd6e2a1cb80>
        status: 1
       success: False
             x: array([0.00000000e+00, 3.00030003e-04, 6.00060006e-04, ...,
       2.99939994e+00, 2.99969997e+00, 3.00000000e+00])
             y: array([[ 1.50000000e+00,  1.50044993e+00,  1.50089964e+00, ...,
         1.80063405e-01,  1.79537023e-01,  1.79010325e-01],
       [ 1.50000000e+00,  1.49925634e+00,  1.49851199e+00, ...,
        -1.75390494e+00, -1.75495721e+00, -1.75601008e+00],
       [ 3.28676400e+00,  3.28694486e+00,  3.28712449e+00, ...,
         2.14833426e-04,  1.07416881e-04,  0.00000000e+00],
       [-3.60482635e+00, -3.60165482e+00, -3.59848356e+00, ...,
        -2.10839479e-03, -1.05395446e-03, -3.44290655e-15]])
            yp: array([[ 1.5       ,  1.49925634,  1.49851199, ..., -1.75390494,
        -1.75495721, -1.75601008],
       [-2.47770683, -2.48002565, -2.48234089, ..., -1.87659859,
        -1.87767419, -1.87874959],
       [ 0.60482635,  0.60075495,  0.59668428, ..., -0.35801841,
        -0.35802009, -0.35802065],
       [10.57116906, 10.56985469, 10.56853039, ...,  3.50992905,
         3.51097413,  3.51202015]])
       message: 'The maximum number of mesh nodes is exceeded.'
         niter: 1
             p: None
 rms_residuals: array([6.73936010e-05, 8.66566636e-05, 1.16028044e-04, ...,
       6.19828099e-01, 6.19928458e-01, 6.20028392e-01])
           sol: <scipy.interpolate._interpolate.PPoly object at 0x7fd6e2a1c900>
        status: 1
       success: False
             x: array([0.00000000e+00, 3.00030003e-04, 6.00060006e-04, ...,
       2.99939994e+00, 2.99969997e+00, 3.00000000e+00])
             y: array([[ 1.50000000e+00,  1.50044993e+00,  1.50089964e+00, ...,
         1.76612871e-01,  1.76086769e-01,  1.75560352e-01],
       [ 1.50000000e+00,  1.49925658e+00,  1.49851246e+00, ...,
        -1.75297206e+00, -1.75402268e+00, -1.75507389e+00],
       [ 3.21890381e+00,  3.21905430e+00,  3.21920360e+00, ...,
         2.10693045e-04,  1.05346690e-04,  0.00000000e+00],
       [-3.50360505e+00, -3.50050755e+00, -3.49741034e+00, ...,
        -2.10726689e-03, -1.05339160e-03, -6.96992740e-15]])
            yp: array([[ 1.5       ,  1.49925658,  1.49851246, ..., -1.75297206,
        -1.75402268, -1.75507389],
       [-2.47692414, -2.47924694, -2.48156616, ..., -1.87439807,
        -1.87546932, -1.87654034],
       [ 0.50360505,  0.49960768,  0.49561105, ..., -0.35111847,
        -0.35112015, -0.3511207 ],
       [10.32446463, 10.32308896, 10.32170357, ...,  3.50806589,
         3.50910637,  3.51014777]])
       message: 'The maximum number of mesh nodes is exceeded.'
         niter: 1
             p: None
 rms_residuals: array([6.72374475e-05, 8.64302853e-05, 1.15703459e-04, ...,
       6.18469355e-01, 6.18566747e-01, 6.18663701e-01])
           sol: <scipy.interpolate._interpolate.PPoly object at 0x7fd6e2a1cc20>
        status: 1
       success: False
             x: array([0.00000000e+00, 3.00030003e-04, 6.00060006e-04, ...,
       2.99939994e+00, 2.99969997e+00, 3.00000000e+00])
             y: array([[ 1.50000000e+00,  1.50044993e+00,  1.50089964e+00, ...,
         1.78382523e-01,  1.77859021e-01,  1.77335206e-01],
       [ 1.50000000e+00,  1.49925525e+00,  1.49850980e+00, ...,
        -1.74430805e+00, -1.74535398e+00, -1.74640048e+00],
       [ 3.21130815e+00,  3.21145481e+00,  3.21160028e+00, ...,
         2.12823086e-04,  1.06411709e-04,  0.00000000e+00],
       [-3.49081271e+00, -3.48772294e+00, -3.48463348e+00, ...,
        -2.09684966e-03, -1.04818501e-03, -8.21949869e-15]])
            yp: array([[ 1.5       ,  1.49925525,  1.4985098 , ..., -1.74430805,
        -1.74535398, -1.74640048],
       [-2.48135906, -2.48367944, -2.48599624, ..., -1.86667439,
        -1.86774494, -1.86881528],
       [ 0.49081271,  0.48682308,  0.48283419, ..., -0.3546682 ,
        -0.35466986, -0.35467041],
       [10.29867897, 10.29728632, 10.29588396, ...,  3.49072662,
         3.49176333,  3.49280096]])
       message: 'The maximum number of mesh nodes is exceeded.'
         niter: 1
             p: None
 rms_residuals: array([6.70669499e-05, 8.61797192e-05, 1.15336987e-04, ...,
       6.17313555e-01, 6.17409272e-01, 6.17504564e-01])
           sol: <scipy.interpolate._interpolate.PPoly object at 0x7fd6e2a1cb30>
        status: 1
       success: False
             x: array([0.00000000e+00, 3.00030003e-04, 6.00060006e-04, ...,
       2.99939994e+00, 2.99969997e+00, 3.00000000e+00])
             y: array([[ 1.50000000e+00,  1.50044993e+00,  1.50089964e+00, ...,
         1.80170875e-01,  1.79649569e-01,  1.79127950e-01],
       [ 1.50000000e+00,  1.49925399e+00,  1.49850729e+00, ...,
        -1.73699097e+00, -1.73803298e+00, -1.73907556e+00],
       [ 3.21009786e+00,  3.21024356e+00,  3.21038807e+00, ...,
         2.14974597e-04,  1.07487464e-04,  0.00000000e+00],
       [-3.48761450e+00, -3.48452553e+00, -3.48143687e+00, ...,
        -2.08805218e-03, -1.04378794e-03, -1.46838195e-14]])
            yp: array([[ 1.5       ,  1.49925399,  1.49850729, ..., -1.73699097,
        -1.73803298, -1.73907556],
       [-2.48554661, -2.48786443, -2.49017866, ..., -1.8602622 ,
        -1.86133226, -1.8624021 ],
       [ 0.4876145 ,  0.48362567,  0.47963759, ..., -0.3582537 ,
        -0.35825535, -0.3582559 ],
       [10.29602012, 10.294617  , 10.29320416, ...,  3.47608264,
         3.47711642,  3.47815112]])
       message: 'The maximum number of mesh nodes is exceeded.'
         niter: 1
             p: None
 rms_residuals: array([6.41441937e-05, 6.40952066e-05, 6.40462917e-05, ...,
       1.64785730e-04, 1.64584447e-04, 1.64383509e-04])
           sol: <scipy.interpolate._interpolate.PPoly object at 0x7fd6e2a1c6d0>
        status: 1
       success: False
             x: array([0.00000000e+00, 3.00030003e-04, 6.00060006e-04, ...,
       2.99939994e+00, 2.99969997e+00, 3.00000000e+00])
             y: array([[ 1.50000000e+00,  1.50044993e+00,  1.50089964e+00, ...,
         1.35431873e-01,  1.34979776e-01,  1.34527535e-01],
       [ 1.50000000e+00,  1.49925294e+00,  1.49850518e+00, ...,
        -1.50659492e+00, -1.50707928e+00, -1.50756379e+00],
       [ 3.28568337e+00,  3.28592245e+00,  3.28616033e+00, ...,
         1.61449074e-04,  8.07245792e-05,  0.00000000e+00],
       [-3.79885277e+00, -3.79575586e+00, -3.79265936e+00, ...,
        -1.80923803e-03, -9.04623882e-04, -1.19038253e-16]])
            yp: array([[ 1.5       ,  1.49925294,  1.49850518, ..., -1.50659492,
        -1.50707928, -1.50756379],
       [-2.48905657, -2.49137223, -2.49368431, ..., -1.61387735,
        -1.61434293, -1.61480795],
       [ 0.79885277,  0.794856  ,  0.79086008, ..., -0.26905451,
        -0.26905493, -0.26905507],
       [10.32269256, 10.32131725, 10.3199317 , ...,  3.01506145,
         3.01509459,  3.01512758]])
       message: 'The maximum number of mesh nodes is exceeded.'
         niter: 1
             p: None
 rms_residuals: array([6.71375442e-05, 8.61825240e-05, 1.15272827e-04, ...,
       6.20515923e-01, 6.20626961e-01, 6.20737565e-01])
           sol: <scipy.interpolate._interpolate.PPoly object at 0x7fd6e2a1ce00>
        status: 1
       success: False
             x: array([0.00000000e+00, 3.00030003e-04, 6.00060006e-04, ...,
       2.99939994e+00, 2.99969997e+00, 3.00000000e+00])
             y: array([[ 1.50000000e+00,  1.50044993e+00,  1.50089964e+00, ...,
         1.80267160e-01,  1.79741028e-01,  1.79214579e-01],
       [ 1.50000000e+00,  1.49925676e+00,  1.49851283e+00, ...,
        -1.75307474e+00, -1.75412660e+00, -1.75517906e+00],
       [ 3.28653443e+00,  3.28671529e+00,  3.28689493e+00, ...,
         2.15078556e-04,  1.07539445e-04,  0.00000000e+00],
       [-3.60484628e+00, -3.60167513e+00, -3.59850426e+00, ...,
        -2.10739679e-03, -1.05345563e-03, -8.69342013e-15]])
            yp: array([[ 1.5       ,  1.49925676,  1.49851283, ..., -1.75307474,
        -1.7541266 , -1.75517906],
       [-2.47630261, -2.47862281, -2.48093941, ..., -1.87587045,
        -1.87694584, -1.87802103],
       [ 0.60484628,  0.60077527,  0.59670497, ..., -0.35842692,
        -0.3584286 , -0.35842916],
       [10.56988149, 10.56857016, 10.5672489 , ...,  3.50826753,
         3.50931235,  3.51035812]])
       message: 'The maximum number of mesh nodes is exceeded.'
         niter: 1
             p: None
 rms_residuals: array([6.74639781e-05, 8.66973629e-05, 1.16072207e-04, ...,
       6.19761445e-01, 6.19861687e-01, 6.19961502e-01])
           sol: <scipy.interpolate._interpolate.PPoly object at 0x7fd6e2a1cc70>
        status: 1
       success: False
             x: array([0.00000000e+00, 3.00030003e-04, 6.00060006e-04, ...,
       2.99939994e+00, 2.99969997e+00, 3.00000000e+00])
             y: array([[ 1.50000000e+00,  1.50044993e+00,  1.50089964e+00, ...,
         1.76782040e-01,  1.76256133e-01,  1.75729911e-01],
       [ 1.50000000e+00,  1.49925691e+00,  1.49851313e+00, ...,
        -1.75232216e+00, -1.75337247e+00, -1.75442335e+00],
       [ 3.21886928e+00,  3.21901985e+00,  3.21916922e+00, ...,
         2.10896537e-04,  1.05448436e-04,  0.00000000e+00],
       [-3.50384075e+00, -3.50074339e+00, -3.49764633e+00, ...,
        -2.10648564e-03, -1.05300110e-03, -1.19264457e-14]])
            yp: array([[ 1.5       ,  1.49925691,  1.49851313, ..., -1.75232216,
        -1.75337247, -1.75442335],
       [-2.47579978, -2.47812365, -2.48044395, ..., -1.87383298,
        -1.87490406, -1.87597491],
       [ 0.50384075,  0.49984352,  0.49584704, ..., -0.35145759,
        -0.35145926, -0.35145982],
       [10.32398011, 10.32260695, 10.32122406, ...,  3.50676522,
         3.5078055 ,  3.50884671]])
       message: 'The maximum number of mesh nodes is exceeded.'
         niter: 1
             p: None
 rms_residuals: array([6.72972776e-05, 8.64662901e-05, 1.15731701e-04, ...,
       6.18417164e-01, 6.18514473e-01, 6.18611349e-01])
           sol: <scipy.interpolate._interpolate.PPoly object at 0x7fd6e2a1ce50>
        status: 1
       success: False
             x: array([0.00000000e+00, 3.00030003e-04, 6.00060006e-04, ...,
       2.99939994e+00, 2.99969997e+00, 3.00000000e+00])
             y: array([[ 1.50000000e+00,  1.50044993e+00,  1.50089964e+00, ...,
         1.78513627e-01,  1.77990273e-01,  1.77466605e-01],
       [ 1.50000000e+00,  1.49925552e+00,  1.49851035e+00, ...,
        -1.74381643e+00, -1.74486211e+00, -1.74590837e+00],
       [ 3.21131724e+00,  3.21146398e+00,  3.21160951e+00, ...,
         2.12980781e-04,  1.06490557e-04,  0.00000000e+00],
       [-3.49105777e+00, -3.48796809e+00, -3.48487870e+00, ...,
        -2.09625866e-03, -1.04788961e-03, -9.55929780e-15]])
            yp: array([[ 1.5       ,  1.49925552,  1.49851035, ..., -1.74381643,
        -1.74486211, -1.74590837],
       [-2.48044778, -2.48276902, -2.48508668, ..., -1.86624806,
        -1.86731846, -1.86838865],
       [ 0.49105777,  0.48706822,  0.48307941, ..., -0.354931  ,
        -0.35493266, -0.35493321],
       [10.29842262, 10.29703204, 10.29563173, ...,  3.4897427 ,
         3.49077926,  3.49181674]])
       message: 'The maximum number of mesh nodes is exceeded.'
         niter: 1
             p: None
 rms_residuals: array([6.71109858e-05, 8.62177449e-05, 1.15366482e-04, ...,
       6.17273259e-01, 6.17368921e-01, 6.17464159e-01])
           sol: <scipy.interpolate._interpolate.PPoly object at 0x7fd6e2a1cf40>
        status: 1
       success: False
             x: array([0.00000000e+00, 3.00030003e-04, 6.00060006e-04, ...,
       2.99939994e+00, 2.99969997e+00, 3.00000000e+00])
             y: array([[ 1.50000000e+00,  1.50044993e+00,  1.50089964e+00, ...,
         1.80270233e-01,  1.79749038e-01,  1.79227530e-01],
       [ 1.50000000e+00,  1.49925421e+00,  1.49850773e+00, ...,
        -1.73662351e+00, -1.73766534e+00, -1.73870774e+00],
       [ 3.21011117e+00,  3.21025693e+00,  3.21040150e+00, ...,
         2.15094104e-04,  1.07547217e-04,  0.00000000e+00],
       [-3.48782183e+00, -3.48473293e+00, -3.48164432e+00, ...,
        -2.08761044e-03, -1.04356715e-03, -6.78853644e-15]])
            yp: array([[ 1.5       ,  1.49925421,  1.49850773, ..., -1.73662351,
        -1.73766534, -1.73870774],
       [-2.48480534, -2.48712384, -2.48943876, ..., -1.85994398,
        -1.86101391, -1.86208362],
       [ 0.48782183,  0.48383306,  0.47984504, ..., -0.35845286,
        -0.35845451, -0.35845506],
       [10.29583414, 10.2944327 , 10.29302154, ...,  3.47534722,
         3.47638089,  3.47741548]])
       message: 'The maximum number of mesh nodes is exceeded.'
         niter: 1
             p: None
 rms_residuals: array([6.41820914e-05, 6.41331337e-05, 6.40842490e-05, ...,
       1.64816271e-04, 1.64615016e-04, 1.64414160e-04])
           sol: <scipy.interpolate._interpolate.PPoly object at 0x7fd6e2a1ccc0>
        status: 1
       success: False
             x: array([0.00000000e+00, 3.00030003e-04, 6.00060006e-04, ...,
       2.99939994e+00, 2.99969997e+00, 3.00000000e+00])
             y: array([[ 1.50000000e+00,  1.50044993e+00,  1.50089964e+00, ...,
         1.35496293e-01,  1.35044268e-01,  1.34592098e-01],
       [ 1.50000000e+00,  1.49925312e+00,  1.49850554e+00, ...,
        -1.50635576e+00, -1.50684006e+00, -1.50732451e+00],
       [ 3.28574495e+00,  3.28598410e+00,  3.28622204e+00, ...,
         1.61526558e-04,  8.07633213e-05,  0.00000000e+00],
       [-3.79906622e+00, -3.79596929e+00, -3.79287277e+00, ...,
        -1.80895085e-03, -9.04480297e-04,  5.24496019e-17]])
            yp: array([[ 1.5       ,  1.49925312,  1.49850554, ..., -1.50635576,
        -1.50684006, -1.50732451],
       [-2.48845318, -2.4907694 , -2.49308203, ..., -1.61368084,
        -1.61414638, -1.61461137],
       [ 0.79906622,  0.79506942,  0.79107349, ..., -0.26918363,
        -0.26918406, -0.2691842 ],
       [10.32276446, 10.32139062, 10.32000652, ...,  3.01458284,
         3.01461601,  3.01464902]])
       message: 'The maximum number of mesh nodes is exceeded.'
         niter: 1
             p: None
 rms_residuals: array([6.71642364e-05, 8.62205903e-05, 1.15307325e-04, ...,
       6.20493797e-01, 6.20604798e-01, 6.20715374e-01])
           sol: <scipy.interpolate._interpolate.PPoly object at 0x7fd6e2a1cdb0>
        status: 1
       success: False
             x: array([0.00000000e+00, 3.00030003e-04, 6.00060006e-04, ...,
       2.99939994e+00, 2.99969997e+00, 3.00000000e+00])
             y: array([[ 1.50000000e+00,  1.50044993e+00,  1.50089964e+00, ...,
         1.80318123e-01,  1.79792049e-01,  1.79265659e-01],
       [ 1.50000000e+00,  1.49925691e+00,  1.49851313e+00, ...,
        -1.75287920e+00, -1.75393097e+00, -1.75498333e+00],
       [ 3.28648786e+00,  3.28666874e+00,  3.28684840e+00, ...,
         2.15139858e-04,  1.07570097e-04,  0.00000000e+00],
       [-3.60490123e+00, -3.60173019e+00, -3.59855941e+00, ...,
        -2.10716173e-03, -1.05333815e-03, -3.72006590e-15]])
            yp: array([[ 1.5       ,  1.49925691,  1.49851313, ..., -1.7528792 ,
        -1.75393097, -1.75498333],
       [-2.47580923, -2.47812987, -2.48044692, ..., -1.87570014,
        -1.87677544, -1.87785053],
       [ 0.60490123,  0.60083032,  0.59676012, ..., -0.35852908,
        -0.35853076, -0.35853132],
       [10.56955669, 10.56824646, 10.5669263 , ...,  3.50787619,
         3.50892095,  3.50996666]])
       message: 'The maximum number of mesh nodes is exceeded.'
         niter: 1
             p: None
 rms_residuals: array([6.74924062e-05, 8.67307131e-05, 1.16090112e-04, ...,
       6.19743750e-01, 6.19843973e-01, 6.19943768e-01])
           sol: <scipy.interpolate._interpolate.PPoly object at 0x7fd6e2a1b040>
        status: 1
       success: False
             x: array([0.00000000e+00, 3.00030003e-04, 6.00060006e-04, ...,
       2.99939994e+00, 2.99969997e+00, 3.00000000e+00])
             y: array([[ 1.50000000e+00,  1.50044993e+00,  1.50089964e+00, ...,
         1.76823481e-01,  1.76297620e-01,  1.75771444e-01],
       [ 1.50000000e+00,  1.49925703e+00,  1.49851337e+00, ...,
        -1.75217076e+00, -1.75322099e+00, -1.75427180e+00],
       [ 3.21885983e+00,  3.21901043e+00,  3.21915982e+00, ...,
         2.10946381e-04,  1.05473358e-04,  0.00000000e+00],
       [-3.50392554e+00, -3.50082822e+00, -3.49773121e+00, ...,
        -2.10630362e-03, -1.05291013e-03, -9.08215046e-15]])
            yp: array([[ 1.5       ,  1.49925703,  1.49851337, ..., -1.75217076,
        -1.75322099, -1.7542718 ],
       [-2.47540232, -2.47772655, -2.4800472 , ..., -1.87370218,
        -1.87477319, -1.87584396],
       [ 0.50392554,  0.49992836,  0.49593192, ..., -0.35154066,
        -0.35154233, -0.35154289],
       [10.32382217, 10.3224499 , 10.32106789, ...,  3.5064622 ,
         3.50750243,  3.5085436 ]])
       message: 'The maximum number of mesh nodes is exceeded.'
         niter: 1
             p: None
 rms_residuals: array([6.73134515e-05, 8.64778788e-05, 1.15741172e-04, ...,
       6.18403350e-01, 6.18500649e-01, 6.18597514e-01])
           sol: <scipy.interpolate._interpolate.PPoly object at 0x7fd6e2a1b0e0>
        status: 1
       success: False
             x: array([0.00000000e+00, 3.00030003e-04, 6.00060006e-04, ...,
       2.99939994e+00, 2.99969997e+00, 3.00000000e+00])
             y: array([[ 1.50000000e+00,  1.50044993e+00,  1.50089964e+00, ...,
         1.78545690e-01,  1.78022370e-01,  1.77498736e-01],
       [ 1.50000000e+00,  1.49925562e+00,  1.49851054e+00, ...,
        -1.74370233e+00, -1.74474796e+00, -1.74579416e+00],
       [ 3.21131824e+00,  3.21146500e+00,  3.21161056e+00, ...,
         2.13019343e-04,  1.06509837e-04,  0.00000000e+00],
       [-3.49113913e+00, -3.48804947e+00, -3.48496011e+00, ...,
        -2.09612150e-03, -1.04782105e-03, -7.89689813e-15]])
            yp: array([[ 1.5       ,  1.49925562,  1.49851054, ..., -1.74370233,
        -1.74474796, -1.74579416],
       [-2.48012558, -2.4824471 , -2.48476504, ..., -1.8661498 ,
        -1.86722014, -1.86829026],
       [ 0.49113913,  0.4871496 ,  0.48316083, ..., -0.35499526,
        -0.35499692, -0.35499747],
       [10.29832643, 10.29693657, 10.29553699, ...,  3.48951435,
         3.49055088,  3.49158833]])
       message: 'The maximum number of mesh nodes is exceeded.'
         niter: 1
             p: None
 rms_residuals: array([6.71302943e-05, 8.62223708e-05, 1.15366854e-04, ...,
       6.17262613e-01, 6.17358265e-01, 6.17453492e-01])
           sol: <scipy.interpolate._interpolate.PPoly object at 0x7fd6e2a1b090>
        status: 1
       success: False
             x: array([0.00000000e+00, 3.00030003e-04, 6.00060006e-04, ...,
       2.99939994e+00, 2.99969997e+00, 3.00000000e+00])
             y: array([[ 1.50000000e+00,  1.50044993e+00,  1.50089964e+00, ...,
         1.80294525e-01,  1.79773355e-01,  1.79251872e-01],
       [ 1.50000000e+00,  1.49925429e+00,  1.49850789e+00, ...,
        -1.73653858e+00, -1.73758036e+00, -1.73862272e+00],
       [ 3.21011356e+00,  3.21025934e+00,  3.21040393e+00, ...,
         2.15123318e-04,  1.07561824e-04,  0.00000000e+00],
       [-3.48789014e+00, -3.48480126e+00, -3.48171267e+00, ...,
        -2.08750833e-03, -1.04351611e-03, -1.07621563e-14]])
            yp: array([[ 1.5       ,  1.49925429,  1.49850789, ..., -1.73653858,
        -1.73758036, -1.73862272],
       [-2.48454351, -2.48686224, -2.48917738, ..., -1.85987097,
        -1.86094084, -1.8620105 ],
       [ 0.48789014,  0.48390139,  0.47991339, ..., -0.35850154,
        -0.35850319, -0.35850374],
       [10.29576187, 10.29436102, 10.29295045, ...,  3.47517722,
         3.47621087,  3.47724544]])
       message: 'The maximum number of mesh nodes is exceeded.'
         niter: 1
             p: None
 rms_residuals: array([6.41943130e-05, 6.41453684e-05, 6.40964969e-05, ...,
       1.64822033e-04, 1.64620798e-04, 1.64419908e-04])
           sol: <scipy.interpolate._interpolate.PPoly object at 0x7fd6e2a1b1d0>
        status: 1
       success: False
             x: array([0.00000000e+00, 3.00030003e-04, 6.00060006e-04, ...,
       2.99939994e+00, 2.99969997e+00, 3.00000000e+00])
             y: array([[ 1.50000000e+00,  1.50044993e+00,  1.50089964e+00, ...,
         1.35511773e-01,  1.35059765e-01,  1.34607611e-01],
       [ 1.50000000e+00,  1.49925318e+00,  1.49850567e+00, ...,
        -1.50630151e+00, -1.50678580e+00, -1.50727023e+00],
       [ 3.28575542e+00,  3.28599458e+00,  3.28623254e+00, ...,
         1.61545175e-04,  8.07726298e-05,  0.00000000e+00],
       [-3.79912654e+00, -3.79602961e+00, -3.79293310e+00, ...,
        -1.80888571e-03, -9.04447728e-04,  3.71327197e-17]])
            yp: array([[ 1.5       ,  1.49925318,  1.49850567, ..., -1.50630151,
        -1.5067858 , -1.50727023],
       [-2.4882403 , -2.4905567 , -2.49286951, ..., -1.61363682,
        -1.61410234, -1.6145673 ],
       [ 0.79912654,  0.79512975,  0.79113381, ..., -0.26921466,
        -0.26921508, -0.26921522],
       [10.32274662, 10.32137328, 10.31998969, ...,  3.01447428,
         3.01450745,  3.01454047]])
       message: 'The maximum number of mesh nodes is exceeded.'
         niter: 1
             p: None
 rms_residuals: array([6.71752116e-05, 8.62100845e-05, 1.15308087e-04, ...,
       6.20487846e-01, 6.20598840e-01, 6.20709410e-01])
           sol: <scipy.interpolate._interpolate.PPoly object at 0x7fd6e2a1b360>
        status: 1
       success: False
             x: array([0.00000000e+00, 3.00030003e-04, 6.00060006e-04, ...,
       2.99939994e+00, 2.99969997e+00, 3.00000000e+00])
             y: array([[ 1.50000000e+00,  1.50044993e+00,  1.50089964e+00, ...,
         1.80330873e-01,  1.79804813e-01,  1.79278437e-01],
       [ 1.50000000e+00,  1.49925696e+00,  1.49851323e+00, ...,
        -1.75283401e+00, -1.75388575e+00, -1.75493809e+00],
       [ 3.28647992e+00,  3.28666080e+00,  3.28684047e+00, ...,
         2.15155193e-04,  1.07577764e-04,  0.00000000e+00],
       [-3.60493262e+00, -3.60176160e+00, -3.59859085e+00, ...,
        -2.10710739e-03, -1.05331098e-03, -1.76048656e-14]])
            yp: array([[ 1.5       ,  1.49925696,  1.49851323, ..., -1.75283401,
        -1.75388575, -1.75493809],
       [-2.47563591, -2.47795669, -2.4802739 , ..., -1.87566117,
        -1.87673643, -1.87781149],
       [ 0.60493262,  0.60086173,  0.59679156, ..., -0.35855464,
        -0.35855631, -0.35855687],
       [10.56947377, 10.56816393, 10.56684416, ...,  3.50778574,
         3.50883049,  3.50987618]])
       message: 'The maximum number of mesh nodes is exceeded.'
         niter: 1
             p: None
 rms_residuals: array([6.74982150e-05, 8.67302263e-05, 1.16070216e-04, ...,
       6.19739064e-01, 6.19839283e-01, 6.19939073e-01])
           sol: <scipy.interpolate._interpolate.PPoly object at 0x7fd6e2a1b590>
        status: 1
       success: False
             x: array([0.00000000e+00, 3.00030003e-04, 6.00060006e-04, ...,
       2.99939994e+00, 2.99969997e+00, 3.00000000e+00])
             y: array([[ 1.50000000e+00,  1.50044993e+00,  1.50089964e+00, ...,
         1.76833567e-01,  1.76307716e-01,  1.75781550e-01],
       [ 1.50000000e+00,  1.49925708e+00,  1.49851346e+00, ...,
        -1.75213634e+00, -1.75318655e+00, -1.75423734e+00],
       [ 3.21885734e+00,  3.21900795e+00,  3.21915735e+00, ...,
         2.10958510e-04,  1.05479422e-04,  0.00000000e+00],
       [-3.50395625e+00, -3.50085895e+00, -3.49776195e+00, ...,
        -2.10626224e-03, -1.05288945e-03, -6.08765856e-15]])
            yp: array([[ 1.5       ,  1.49925708,  1.49851346, ..., -1.75213634,
        -1.75318655, -1.75423734],
       [-2.4752621 , -2.47758644, -2.47990721, ..., -1.87367272,
        -1.8747437 , -1.87581444],
       [ 0.50395625,  0.49995908,  0.49596266, ..., -0.35156087,
        -0.35156254, -0.3515631 ],
       [10.32377008, 10.32239812, 10.32101643, ...,  3.50639331,
         3.50743353,  3.50847468]])
       message: 'The maximum number of mesh nodes is exceeded.'
         niter: 1
             p: None
 rms_residuals: array([6.73211497e-05, 8.64847493e-05, 1.15736995e-04, ...,
       6.18399714e-01, 6.18497004e-01, 6.18593868e-01])
           sol: <scipy.interpolate._interpolate.PPoly object at 0x7fd6e2a1b400>
        status: 1
       success: False
             x: array([0.00000000e+00, 3.00030003e-04, 6.00060006e-04, ...,
       2.99939994e+00, 2.99969997e+00, 3.00000000e+00])
             y: array([[ 1.50000000e+00,  1.50044993e+00,  1.50089964e+00, ...,
         1.78553476e-01,  1.78030164e-01,  1.77506538e-01],
       [ 1.50000000e+00,  1.49925565e+00,  1.49851061e+00, ...,
        -1.74367654e+00, -1.74472215e+00, -1.74576834e+00],
       [ 3.21131821e+00,  3.21146497e+00,  3.21161054e+00, ...,
         2.13028706e-04,  1.06514519e-04,  0.00000000e+00],
       [-3.49116692e+00, -3.48807728e+00, -3.48498793e+00, ...,
        -2.09609048e-03, -1.04780556e-03, -6.90381740e-15]])
            yp: array([[ 1.5       ,  1.49925565,  1.49851061, ..., -1.74367654,
        -1.74472215, -1.74576834],
       [-2.48001187, -2.48233348, -2.48465151, ..., -1.8661278 ,
        -1.86719812, -1.86826821],
       [ 0.49116692,  0.48717741,  0.48318864, ..., -0.35501086,
        -0.35501252, -0.35501308],
       [10.29829147, 10.29690187, 10.29550255, ...,  3.48946272,
         3.49049924,  3.49153668]])
       message: 'The maximum number of mesh nodes is exceeded.'
         niter: 1
             p: None
 rms_residuals: array([6.71322692e-05, 8.62290823e-05, 1.15384335e-04, ...,
       6.17259814e-01, 6.17355465e-01, 6.17450689e-01])
           sol: <scipy.interpolate._interpolate.PPoly object at 0x7fd6e2a1b5e0>
        status: 1
       success: False
             x: array([0.00000000e+00, 3.00030003e-04, 6.00060006e-04, ...,
       2.99939994e+00, 2.99969997e+00, 3.00000000e+00])
             y: array([[ 1.50000000e+00,  1.50044993e+00,  1.50089964e+00, ...,
         1.80300422e-01,  1.79779257e-01,  1.79257780e-01],
       [ 1.50000000e+00,  1.49925432e+00,  1.49850794e+00, ...,
        -1.73651948e+00, -1.73756126e+00, -1.73860360e+00],
       [ 3.21011395e+00,  3.21025974e+00,  3.21040433e+00, ...,
         2.15130409e-04,  1.07565370e-04,  0.00000000e+00],
       [-3.48791334e+00, -3.48482446e+00, -3.48173589e+00, ...,
        -2.08748538e-03, -1.04350464e-03, -8.62776247e-15]])
            yp: array([[ 1.5       ,  1.49925432,  1.49850794, ..., -1.73651948,
        -1.73756126, -1.7386036 ],
       [-2.48445115, -2.48676995, -2.48908517, ..., -1.85985474,
        -1.86092459, -1.86199422],
       [ 0.48791334,  0.4839246 ,  0.4799366 , ..., -0.35851336,
        -0.35851501, -0.35851556],
       [10.29573505, 10.29433441, 10.29292404, ...,  3.47513901,
         3.47617265,  3.47720721]])
